,file,isin,type,state,allocate
0,XPAR_SHARES_F2_20231031.csv.zip,FR0000073272,LOB,Processed,
1,XPAR_SHARES_F2_20231031.csv.zip,FR0000120271,LOB,Processed,
2,XPAR_SHARES_F2_20231031.csv.zip,FR0000120321,LOB,Processed,
3,XPAR_SHARES_F2_20231031.csv.zip,FR0000120578,LOB,Processed,
4,XPAR_SHARES_F2_20231031.csv.zip,FR0000120693,LOB,Processed,
5,XPAR_SHARES_F2_20231031.csv.zip,FR0000121329,LOB,Processed,
6,XPAR_SHARES_F2_20231031.csv.zip,FR0000121485,LOB,Processed,
7,XPAR_SHARES_F2_20231031.csv.zip,FR0000121972,LOB,Processed,
8,XPAR_SHARES_F2_20231031.csv.zip,FR0000124141,LOB,Processed,
9,XPAR_SHARES_F2_20231031.csv.zip,FR0000125007,LOB,Processed,
10,XPAR_SHARES_F2_20231031.csv.zip,FR0000125486,LOB,Processed,
11,XPAR_SHARES_F2_20231031.csv.zip,FR0000130577,LOB,Processed,
12,XPAR_SHARES_F2_20231031.csv.zip,FR0000130809,LOB,Processed,
13,XPAR_SHARES_F2_20231031.csv.zip,FR0000131906,LOB,Processed,
14,XPAR_SHARES_F2_20231031.csv.zip,FR0010908533,LOB,Processed,
15,XPAR_SHARES_F2_20231031.csv.zip,FR0011981968,LOB,Processed,
16,XPAR_SHARES_F2_20231031.csv.zip,FR0014003TT8,LOB,Processed,
17,XPAR_SHARES_F2_20231031.csv.zip,NL0000226223,LOB,Processed,
18,XPAR_SHARES_F2_20231031.csv.zip,NL00150001Q9,LOB,Processed,
19,XPAR_SHARES_F2_20231031.csv.zip,FR0000073272,FO,Processed,
20,XPAR_SHARES_F2_20231031.csv.zip,FR0000120271,FO,Processed,
21,XPAR_SHARES_F2_20231031.csv.zip,FR0000120321,FO,Processed,
22,XPAR_SHARES_F2_20231031.csv.zip,FR0000120578,FO,Processed,
23,XPAR_SHARES_F2_20231031.csv.zip,FR0000120693,FO,Processed,
24,XPAR_SHARES_F2_20231031.csv.zip,FR0000121329,FO,Processed,
25,XPAR_SHARES_F2_20231031.csv.zip,FR0000121485,FO,Processed,
26,XPAR_SHARES_F2_20231031.csv.zip,FR0000121972,FO,Processed,
27,XPAR_SHARES_F2_20231031.csv.zip,FR0000124141,FO,Processed,
28,XPAR_SHARES_F2_20231031.csv.zip,FR0000125007,FO,Processed,
29,XPAR_SHARES_F2_20231031.csv.zip,FR0000125486,FO,Processed,
30,XPAR_SHARES_F2_20231031.csv.zip,FR0000130577,FO,Processed,
31,XPAR_SHARES_F2_20231031.csv.zip,FR0000130809,FO,Processed,
32,XPAR_SHARES_F2_20231031.csv.zip,FR0000131906,FO,Processed,
33,XPAR_SHARES_F2_20231031.csv.zip,FR0010908533,FO,Processed,
34,XPAR_SHARES_F2_20231031.csv.zip,FR0011981968,FO,Processed,
35,XPAR_SHARES_F2_20231031.csv.zip,FR0014003TT8,FO,Processed,
36,XPAR_SHARES_F2_20231031.csv.zip,NL0000226223,FO,Processed,
37,XPAR_SHARES_F2_20231031.csv.zip,NL00150001Q9,FO,Processed,
38,XPAR_SHARES_F2_20231030.csv.zip,FR0000073272,LOB,Processed,
39,XPAR_SHARES_F2_20231030.csv.zip,FR0000120271,LOB,Processed,
40,XPAR_SHARES_F2_20231030.csv.zip,FR0000120321,LOB,Processed,
41,XPAR_SHARES_F2_20231030.csv.zip,FR0000120578,LOB,Processed,
42,XPAR_SHARES_F2_20231030.csv.zip,FR0000120693,LOB,Processed,
43,XPAR_SHARES_F2_20231030.csv.zip,FR0000121329,LOB,Processed,
44,XPAR_SHARES_F2_20231030.csv.zip,FR0000121485,LOB,Processed,
45,XPAR_SHARES_F2_20231030.csv.zip,FR0000121972,LOB,Processed,
46,XPAR_SHARES_F2_20231030.csv.zip,FR0000124141,LOB,Processed,
47,XPAR_SHARES_F2_20231030.csv.zip,FR0000125007,LOB,Processed,
48,XPAR_SHARES_F2_20231030.csv.zip,FR0000125486,LOB,Processed,
49,XPAR_SHARES_F2_20231030.csv.zip,FR0000130577,LOB,Processed,
50,XPAR_SHARES_F2_20231030.csv.zip,FR0000130809,LOB,Processed,
51,XPAR_SHARES_F2_20231030.csv.zip,FR0000131906,LOB,Processed,
52,XPAR_SHARES_F2_20231030.csv.zip,FR0010908533,LOB,Processed,
53,XPAR_SHARES_F2_20231030.csv.zip,FR0011981968,LOB,Processed,
54,XPAR_SHARES_F2_20231030.csv.zip,FR0014003TT8,LOB,Processed,
55,XPAR_SHARES_F2_20231030.csv.zip,NL0000226223,LOB,Processed,
56,XPAR_SHARES_F2_20231030.csv.zip,NL00150001Q9,LOB,Processed,
57,XPAR_SHARES_F2_20231030.csv.zip,FR0000073272,FO,Processed,
58,XPAR_SHARES_F2_20231030.csv.zip,FR0000120271,FO,Processed,
59,XPAR_SHARES_F2_20231030.csv.zip,FR0000120321,FO,Processed,
60,XPAR_SHARES_F2_20231030.csv.zip,FR0000120578,FO,Processed,
61,XPAR_SHARES_F2_20231030.csv.zip,FR0000120693,FO,Processed,
62,XPAR_SHARES_F2_20231030.csv.zip,FR0000121329,FO,Processed,
63,XPAR_SHARES_F2_20231030.csv.zip,FR0000121485,FO,Processed,
64,XPAR_SHARES_F2_20231030.csv.zip,FR0000121972,FO,Processed,
65,XPAR_SHARES_F2_20231030.csv.zip,FR0000124141,FO,Processed,
66,XPAR_SHARES_F2_20231030.csv.zip,FR0000125007,FO,Processed,
67,XPAR_SHARES_F2_20231030.csv.zip,FR0000125486,FO,Processed,
68,XPAR_SHARES_F2_20231030.csv.zip,FR0000130577,FO,Processed,
69,XPAR_SHARES_F2_20231030.csv.zip,FR0000130809,FO,Processed,
70,XPAR_SHARES_F2_20231030.csv.zip,FR0000131906,FO,Processed,
71,XPAR_SHARES_F2_20231030.csv.zip,FR0010908533,FO,Processed,
72,XPAR_SHARES_F2_20231030.csv.zip,FR0011981968,FO,Processed,
73,XPAR_SHARES_F2_20231030.csv.zip,FR0014003TT8,FO,Processed,
74,XPAR_SHARES_F2_20231030.csv.zip,NL0000226223,FO,Processed,
75,XPAR_SHARES_F2_20231030.csv.zip,NL00150001Q9,FO,Processed,
76,XPAR_SHARES_F2_20231027.csv.zip,FR0000073272,LOB,Processed,
77,XPAR_SHARES_F2_20231027.csv.zip,FR0000120271,LOB,Processed,
78,XPAR_SHARES_F2_20231027.csv.zip,FR0000120321,LOB,Processed,
79,XPAR_SHARES_F2_20231027.csv.zip,FR0000120578,LOB,Processed,
80,XPAR_SHARES_F2_20231027.csv.zip,FR0000120693,LOB,Processed,
81,XPAR_SHARES_F2_20231027.csv.zip,FR0000121329,LOB,Processed,
82,XPAR_SHARES_F2_20231027.csv.zip,FR0000121485,LOB,Processed,
83,XPAR_SHARES_F2_20231027.csv.zip,FR0000121972,LOB,Processed,
84,XPAR_SHARES_F2_20231027.csv.zip,FR0000124141,LOB,Processed,
85,XPAR_SHARES_F2_20231027.csv.zip,FR0000125007,LOB,Processed,
86,XPAR_SHARES_F2_20231027.csv.zip,FR0000125486,LOB,Processed,
87,XPAR_SHARES_F2_20231027.csv.zip,FR0000130577,LOB,Processed,
88,XPAR_SHARES_F2_20231027.csv.zip,FR0000130809,LOB,Processed,
89,XPAR_SHARES_F2_20231027.csv.zip,FR0000131906,LOB,Processed,
90,XPAR_SHARES_F2_20231027.csv.zip,FR0010908533,LOB,Processed,
91,XPAR_SHARES_F2_20231027.csv.zip,FR0011981968,LOB,Processed,
92,XPAR_SHARES_F2_20231027.csv.zip,FR0014003TT8,LOB,Processed,
93,XPAR_SHARES_F2_20231027.csv.zip,NL0000226223,LOB,Processed,
94,XPAR_SHARES_F2_20231027.csv.zip,NL00150001Q9,LOB,Processed,
95,XPAR_SHARES_F2_20231027.csv.zip,FR0000073272,FO,Processed,
96,XPAR_SHARES_F2_20231027.csv.zip,FR0000120271,FO,Processed,
97,XPAR_SHARES_F2_20231027.csv.zip,FR0000120321,FO,Processed,
98,XPAR_SHARES_F2_20231027.csv.zip,FR0000120578,FO,Processed,
99,XPAR_SHARES_F2_20231027.csv.zip,FR0000120693,FO,Processed,
100,XPAR_SHARES_F2_20231027.csv.zip,FR0000121329,FO,Processed,
101,XPAR_SHARES_F2_20231027.csv.zip,FR0000121485,FO,Processed,
102,XPAR_SHARES_F2_20231027.csv.zip,FR0000121972,FO,Processed,
103,XPAR_SHARES_F2_20231027.csv.zip,FR0000124141,FO,Processed,
104,XPAR_SHARES_F2_20231027.csv.zip,FR0000125007,FO,Processed,
105,XPAR_SHARES_F2_20231027.csv.zip,FR0000125486,FO,Processed,
106,XPAR_SHARES_F2_20231027.csv.zip,FR0000130577,FO,Processed,
107,XPAR_SHARES_F2_20231027.csv.zip,FR0000130809,FO,Processed,
108,XPAR_SHARES_F2_20231027.csv.zip,FR0000131906,FO,Processed,
109,XPAR_SHARES_F2_20231027.csv.zip,FR0010908533,FO,Processed,
110,XPAR_SHARES_F2_20231027.csv.zip,FR0011981968,FO,Processed,
111,XPAR_SHARES_F2_20231027.csv.zip,FR0014003TT8,FO,Processed,
112,XPAR_SHARES_F2_20231027.csv.zip,NL0000226223,FO,Processed,
113,XPAR_SHARES_F2_20231027.csv.zip,NL00150001Q9,FO,Processed,
114,XPAR_SHARES_F2_20231026.csv.zip,FR0000073272,LOB,Processed,
115,XPAR_SHARES_F2_20231026.csv.zip,FR0000120271,LOB,Processed,
116,XPAR_SHARES_F2_20231026.csv.zip,FR0000120321,LOB,Processed,
117,XPAR_SHARES_F2_20231026.csv.zip,FR0000120578,LOB,Processed,
118,XPAR_SHARES_F2_20231026.csv.zip,FR0000120693,LOB,Processed,
119,XPAR_SHARES_F2_20231026.csv.zip,FR0000121329,LOB,Processed,
120,XPAR_SHARES_F2_20231026.csv.zip,FR0000121485,LOB,Processed,
121,XPAR_SHARES_F2_20231026.csv.zip,FR0000121972,LOB,Processed,
122,XPAR_SHARES_F2_20231026.csv.zip,FR0000124141,LOB,Processed,
123,XPAR_SHARES_F2_20231026.csv.zip,FR0000125007,LOB,Processed,
124,XPAR_SHARES_F2_20231026.csv.zip,FR0000125486,LOB,Processed,
125,XPAR_SHARES_F2_20231026.csv.zip,FR0000130577,LOB,Processed,
126,XPAR_SHARES_F2_20231026.csv.zip,FR0000130809,LOB,Processed,
127,XPAR_SHARES_F2_20231026.csv.zip,FR0000131906,LOB,Processed,
128,XPAR_SHARES_F2_20231026.csv.zip,FR0010908533,LOB,Processed,
129,XPAR_SHARES_F2_20231026.csv.zip,FR0011981968,LOB,Processed,
130,XPAR_SHARES_F2_20231026.csv.zip,FR0014003TT8,LOB,Processed,
131,XPAR_SHARES_F2_20231026.csv.zip,NL0000226223,LOB,Processed,
132,XPAR_SHARES_F2_20231026.csv.zip,NL00150001Q9,LOB,Processed,
133,XPAR_SHARES_F2_20231026.csv.zip,FR0000073272,FO,Processed,
134,XPAR_SHARES_F2_20231026.csv.zip,FR0000120271,FO,Processed,
135,XPAR_SHARES_F2_20231026.csv.zip,FR0000120321,FO,Processed,
136,XPAR_SHARES_F2_20231026.csv.zip,FR0000120578,FO,Processed,
137,XPAR_SHARES_F2_20231026.csv.zip,FR0000120693,FO,Processed,
138,XPAR_SHARES_F2_20231026.csv.zip,FR0000121329,FO,Processed,
139,XPAR_SHARES_F2_20231026.csv.zip,FR0000121485,FO,Processed,
140,XPAR_SHARES_F2_20231026.csv.zip,FR0000121972,FO,Processed,
141,XPAR_SHARES_F2_20231026.csv.zip,FR0000124141,FO,Processed,
142,XPAR_SHARES_F2_20231026.csv.zip,FR0000125007,FO,Processed,
143,XPAR_SHARES_F2_20231026.csv.zip,FR0000125486,FO,Processed,
144,XPAR_SHARES_F2_20231026.csv.zip,FR0000130577,FO,Processed,
145,XPAR_SHARES_F2_20231026.csv.zip,FR0000130809,FO,Processed,
146,XPAR_SHARES_F2_20231026.csv.zip,FR0000131906,FO,Processed,
147,XPAR_SHARES_F2_20231026.csv.zip,FR0010908533,FO,Processed,
148,XPAR_SHARES_F2_20231026.csv.zip,FR0011981968,FO,Processed,
149,XPAR_SHARES_F2_20231026.csv.zip,FR0014003TT8,FO,Processed,
150,XPAR_SHARES_F2_20231026.csv.zip,NL0000226223,FO,Processed,
151,XPAR_SHARES_F2_20231026.csv.zip,NL00150001Q9,FO,Processed,
152,XPAR_SHARES_F2_20231025.csv.zip,FR0000073272,LOB,Processed,
153,XPAR_SHARES_F2_20231025.csv.zip,FR0000120271,LOB,Processed,
154,XPAR_SHARES_F2_20231025.csv.zip,FR0000120321,LOB,Processed,
155,XPAR_SHARES_F2_20231025.csv.zip,FR0000120578,LOB,Processed,
156,XPAR_SHARES_F2_20231025.csv.zip,FR0000120693,LOB,Processed,
157,XPAR_SHARES_F2_20231025.csv.zip,FR0000121329,LOB,Processed,
158,XPAR_SHARES_F2_20231025.csv.zip,FR0000121485,LOB,Processed,
159,XPAR_SHARES_F2_20231025.csv.zip,FR0000121972,LOB,Processed,
160,XPAR_SHARES_F2_20231025.csv.zip,FR0000124141,LOB,Processed,
161,XPAR_SHARES_F2_20231025.csv.zip,FR0000125007,LOB,Processed,
162,XPAR_SHARES_F2_20231025.csv.zip,FR0000125486,LOB,Processed,
163,XPAR_SHARES_F2_20231025.csv.zip,FR0000130577,LOB,Processed,
164,XPAR_SHARES_F2_20231025.csv.zip,FR0000130809,LOB,Processed,
165,XPAR_SHARES_F2_20231025.csv.zip,FR0000131906,LOB,Processed,
166,XPAR_SHARES_F2_20231025.csv.zip,FR0010908533,LOB,Processed,
167,XPAR_SHARES_F2_20231025.csv.zip,FR0011981968,LOB,Processed,
168,XPAR_SHARES_F2_20231025.csv.zip,FR0014003TT8,LOB,Processed,
169,XPAR_SHARES_F2_20231025.csv.zip,NL0000226223,LOB,Processed,
170,XPAR_SHARES_F2_20231025.csv.zip,NL00150001Q9,LOB,Processed,
171,XPAR_SHARES_F2_20231025.csv.zip,FR0000073272,FO,Processed,
172,XPAR_SHARES_F2_20231025.csv.zip,FR0000120271,FO,Processed,
173,XPAR_SHARES_F2_20231025.csv.zip,FR0000120321,FO,Processed,
174,XPAR_SHARES_F2_20231025.csv.zip,FR0000120578,FO,Processed,
175,XPAR_SHARES_F2_20231025.csv.zip,FR0000120693,FO,Processed,
176,XPAR_SHARES_F2_20231025.csv.zip,FR0000121329,FO,Processed,
177,XPAR_SHARES_F2_20231025.csv.zip,FR0000121485,FO,Processed,
178,XPAR_SHARES_F2_20231025.csv.zip,FR0000121972,FO,Processed,
179,XPAR_SHARES_F2_20231025.csv.zip,FR0000124141,FO,Processed,
180,XPAR_SHARES_F2_20231025.csv.zip,FR0000125007,FO,Processed,
181,XPAR_SHARES_F2_20231025.csv.zip,FR0000125486,FO,Processed,
182,XPAR_SHARES_F2_20231025.csv.zip,FR0000130577,FO,Processed,
183,XPAR_SHARES_F2_20231025.csv.zip,FR0000130809,FO,Processed,
184,XPAR_SHARES_F2_20231025.csv.zip,FR0000131906,FO,Processed,
185,XPAR_SHARES_F2_20231025.csv.zip,FR0010908533,FO,Processed,
186,XPAR_SHARES_F2_20231025.csv.zip,FR0011981968,FO,Processed,
187,XPAR_SHARES_F2_20231025.csv.zip,FR0014003TT8,FO,Processed,
188,XPAR_SHARES_F2_20231025.csv.zip,NL0000226223,FO,Processed,
189,XPAR_SHARES_F2_20231025.csv.zip,NL00150001Q9,FO,Processed,
190,XPAR_SHARES_F2_20231024.csv.zip,FR0000073272,LOB,Processed,
191,XPAR_SHARES_F2_20231024.csv.zip,FR0000120271,LOB,Processed,
192,XPAR_SHARES_F2_20231024.csv.zip,FR0000120321,LOB,Processed,
193,XPAR_SHARES_F2_20231024.csv.zip,FR0000120578,LOB,Processed,
194,XPAR_SHARES_F2_20231024.csv.zip,FR0000120693,LOB,Processed,
195,XPAR_SHARES_F2_20231024.csv.zip,FR0000121329,LOB,Processed,
196,XPAR_SHARES_F2_20231024.csv.zip,FR0000121485,LOB,Processed,
197,XPAR_SHARES_F2_20231024.csv.zip,FR0000121972,LOB,Processed,
198,XPAR_SHARES_F2_20231024.csv.zip,FR0000124141,LOB,Processed,
199,XPAR_SHARES_F2_20231024.csv.zip,FR0000125007,LOB,Processed,
200,XPAR_SHARES_F2_20231024.csv.zip,FR0000125486,LOB,Processed,
201,XPAR_SHARES_F2_20231024.csv.zip,FR0000130577,LOB,Processed,
202,XPAR_SHARES_F2_20231024.csv.zip,FR0000130809,LOB,Processed,
203,XPAR_SHARES_F2_20231024.csv.zip,FR0000131906,LOB,Processed,
204,XPAR_SHARES_F2_20231024.csv.zip,FR0010908533,LOB,Processed,
205,XPAR_SHARES_F2_20231024.csv.zip,FR0011981968,LOB,Processed,
206,XPAR_SHARES_F2_20231024.csv.zip,FR0014003TT8,LOB,Processed,
207,XPAR_SHARES_F2_20231024.csv.zip,NL0000226223,LOB,Processed,
208,XPAR_SHARES_F2_20231024.csv.zip,NL00150001Q9,LOB,Processed,
209,XPAR_SHARES_F2_20231024.csv.zip,FR0000073272,FO,Processed,
210,XPAR_SHARES_F2_20231024.csv.zip,FR0000120271,FO,Processed,
211,XPAR_SHARES_F2_20231024.csv.zip,FR0000120321,FO,Processed,
212,XPAR_SHARES_F2_20231024.csv.zip,FR0000120578,FO,Processed,
213,XPAR_SHARES_F2_20231024.csv.zip,FR0000120693,FO,Processed,
214,XPAR_SHARES_F2_20231024.csv.zip,FR0000121329,FO,Processed,
215,XPAR_SHARES_F2_20231024.csv.zip,FR0000121485,FO,Processed,
216,XPAR_SHARES_F2_20231024.csv.zip,FR0000121972,FO,Processed,
217,XPAR_SHARES_F2_20231024.csv.zip,FR0000124141,FO,Processed,
218,XPAR_SHARES_F2_20231024.csv.zip,FR0000125007,FO,Processed,
219,XPAR_SHARES_F2_20231024.csv.zip,FR0000125486,FO,Processed,
220,XPAR_SHARES_F2_20231024.csv.zip,FR0000130577,FO,Processed,
221,XPAR_SHARES_F2_20231024.csv.zip,FR0000130809,FO,Processed,
222,XPAR_SHARES_F2_20231024.csv.zip,FR0000131906,FO,Processed,
223,XPAR_SHARES_F2_20231024.csv.zip,FR0010908533,FO,Processed,
224,XPAR_SHARES_F2_20231024.csv.zip,FR0011981968,FO,Processed,
225,XPAR_SHARES_F2_20231024.csv.zip,FR0014003TT8,FO,Processed,
226,XPAR_SHARES_F2_20231024.csv.zip,NL0000226223,FO,Processed,
227,XPAR_SHARES_F2_20231024.csv.zip,NL00150001Q9,FO,Processed,
228,XPAR_SHARES_F2_20231023.csv.zip,FR0000073272,LOB,Processed,
229,XPAR_SHARES_F2_20231023.csv.zip,FR0000120271,LOB,Processed,
230,XPAR_SHARES_F2_20231023.csv.zip,FR0000120321,LOB,Processed,
231,XPAR_SHARES_F2_20231023.csv.zip,FR0000120578,LOB,Processed,
232,XPAR_SHARES_F2_20231023.csv.zip,FR0000120693,LOB,Processed,
233,XPAR_SHARES_F2_20231023.csv.zip,FR0000121329,LOB,Processed,
234,XPAR_SHARES_F2_20231023.csv.zip,FR0000121485,LOB,Processed,
235,XPAR_SHARES_F2_20231023.csv.zip,FR0000121972,LOB,Processed,
236,XPAR_SHARES_F2_20231023.csv.zip,FR0000124141,LOB,Processed,
237,XPAR_SHARES_F2_20231023.csv.zip,FR0000125007,LOB,Processed,
238,XPAR_SHARES_F2_20231023.csv.zip,FR0000125486,LOB,Processed,
239,XPAR_SHARES_F2_20231023.csv.zip,FR0000130577,LOB,Processed,
240,XPAR_SHARES_F2_20231023.csv.zip,FR0000130809,LOB,Processed,
241,XPAR_SHARES_F2_20231023.csv.zip,FR0000131906,LOB,Processed,
242,XPAR_SHARES_F2_20231023.csv.zip,FR0010908533,LOB,Processed,
243,XPAR_SHARES_F2_20231023.csv.zip,FR0011981968,LOB,Processed,
244,XPAR_SHARES_F2_20231023.csv.zip,FR0014003TT8,LOB,Processed,
245,XPAR_SHARES_F2_20231023.csv.zip,NL0000226223,LOB,Processed,
246,XPAR_SHARES_F2_20231023.csv.zip,NL00150001Q9,LOB,Processed,
247,XPAR_SHARES_F2_20231023.csv.zip,FR0000073272,FO,Processed,
248,XPAR_SHARES_F2_20231023.csv.zip,FR0000120271,FO,Processed,
249,XPAR_SHARES_F2_20231023.csv.zip,FR0000120321,FO,Processed,
250,XPAR_SHARES_F2_20231023.csv.zip,FR0000120578,FO,Processed,
251,XPAR_SHARES_F2_20231023.csv.zip,FR0000120693,FO,Processed,
252,XPAR_SHARES_F2_20231023.csv.zip,FR0000121329,FO,Processed,
253,XPAR_SHARES_F2_20231023.csv.zip,FR0000121485,FO,Processed,
254,XPAR_SHARES_F2_20231023.csv.zip,FR0000121972,FO,Processed,
255,XPAR_SHARES_F2_20231023.csv.zip,FR0000124141,FO,Processed,
256,XPAR_SHARES_F2_20231023.csv.zip,FR0000125007,FO,Processed,
257,XPAR_SHARES_F2_20231023.csv.zip,FR0000125486,FO,Processed,
258,XPAR_SHARES_F2_20231023.csv.zip,FR0000130577,FO,Processed,
259,XPAR_SHARES_F2_20231023.csv.zip,FR0000130809,FO,Processed,
260,XPAR_SHARES_F2_20231023.csv.zip,FR0000131906,FO,Processed,
261,XPAR_SHARES_F2_20231023.csv.zip,FR0010908533,FO,Processed,
262,XPAR_SHARES_F2_20231023.csv.zip,FR0011981968,FO,Processed,
263,XPAR_SHARES_F2_20231023.csv.zip,FR0014003TT8,FO,Processed,
264,XPAR_SHARES_F2_20231023.csv.zip,NL0000226223,FO,Processed,
265,XPAR_SHARES_F2_20231023.csv.zip,NL00150001Q9,FO,Processed,
266,XPAR_SHARES_F2_20231020.csv.zip,FR0000073272,LOB,Processed,
267,XPAR_SHARES_F2_20231020.csv.zip,FR0000120271,LOB,Processed,
268,XPAR_SHARES_F2_20231020.csv.zip,FR0000120321,LOB,Processed,
269,XPAR_SHARES_F2_20231020.csv.zip,FR0000120578,LOB,Processed,
270,XPAR_SHARES_F2_20231020.csv.zip,FR0000120693,LOB,Processed,
271,XPAR_SHARES_F2_20231020.csv.zip,FR0000121329,LOB,Processed,
272,XPAR_SHARES_F2_20231020.csv.zip,FR0000121485,LOB,Processed,
273,XPAR_SHARES_F2_20231020.csv.zip,FR0000121972,LOB,Processed,
274,XPAR_SHARES_F2_20231020.csv.zip,FR0000124141,LOB,Processed,
275,XPAR_SHARES_F2_20231020.csv.zip,FR0000125007,LOB,Processed,
276,XPAR_SHARES_F2_20231020.csv.zip,FR0000125486,LOB,Processed,
277,XPAR_SHARES_F2_20231020.csv.zip,FR0000130577,LOB,Processed,
278,XPAR_SHARES_F2_20231020.csv.zip,FR0000130809,LOB,Processed,
279,XPAR_SHARES_F2_20231020.csv.zip,FR0000131906,LOB,Processed,
280,XPAR_SHARES_F2_20231020.csv.zip,FR0010908533,LOB,Processed,
281,XPAR_SHARES_F2_20231020.csv.zip,FR0011981968,LOB,Processed,
282,XPAR_SHARES_F2_20231020.csv.zip,FR0014003TT8,LOB,Processed,
283,XPAR_SHARES_F2_20231020.csv.zip,NL0000226223,LOB,Processed,
284,XPAR_SHARES_F2_20231020.csv.zip,NL00150001Q9,LOB,Processed,
285,XPAR_SHARES_F2_20231020.csv.zip,FR0000073272,FO,Processed,
286,XPAR_SHARES_F2_20231020.csv.zip,FR0000120271,FO,Processed,
287,XPAR_SHARES_F2_20231020.csv.zip,FR0000120321,FO,Processed,
288,XPAR_SHARES_F2_20231020.csv.zip,FR0000120578,FO,Processed,
289,XPAR_SHARES_F2_20231020.csv.zip,FR0000120693,FO,Processed,
290,XPAR_SHARES_F2_20231020.csv.zip,FR0000121329,FO,Processed,
291,XPAR_SHARES_F2_20231020.csv.zip,FR0000121485,FO,Processed,
292,XPAR_SHARES_F2_20231020.csv.zip,FR0000121972,FO,Processed,
293,XPAR_SHARES_F2_20231020.csv.zip,FR0000124141,FO,Processed,
294,XPAR_SHARES_F2_20231020.csv.zip,FR0000125007,FO,Processed,
295,XPAR_SHARES_F2_20231020.csv.zip,FR0000125486,FO,Processed,
296,XPAR_SHARES_F2_20231020.csv.zip,FR0000130577,FO,Processed,
297,XPAR_SHARES_F2_20231020.csv.zip,FR0000130809,FO,Processed,
298,XPAR_SHARES_F2_20231020.csv.zip,FR0000131906,FO,Processed,
299,XPAR_SHARES_F2_20231020.csv.zip,FR0010908533,FO,Processed,
300,XPAR_SHARES_F2_20231020.csv.zip,FR0011981968,FO,Processed,
301,XPAR_SHARES_F2_20231020.csv.zip,FR0014003TT8,FO,Processed,
302,XPAR_SHARES_F2_20231020.csv.zip,NL0000226223,FO,Processed,
303,XPAR_SHARES_F2_20231020.csv.zip,NL00150001Q9,FO,Processed,
304,XPAR_SHARES_F2_20231019.csv.zip,FR0000073272,LOB,Processed,
305,XPAR_SHARES_F2_20231019.csv.zip,FR0000120271,LOB,Processed,
306,XPAR_SHARES_F2_20231019.csv.zip,FR0000120321,LOB,Processed,
307,XPAR_SHARES_F2_20231019.csv.zip,FR0000120578,LOB,Processed,
308,XPAR_SHARES_F2_20231019.csv.zip,FR0000120693,LOB,Processed,
309,XPAR_SHARES_F2_20231019.csv.zip,FR0000121329,LOB,Processed,
310,XPAR_SHARES_F2_20231019.csv.zip,FR0000121485,LOB,Processed,
311,XPAR_SHARES_F2_20231019.csv.zip,FR0000121972,LOB,Processed,
312,XPAR_SHARES_F2_20231019.csv.zip,FR0000124141,LOB,Processed,
313,XPAR_SHARES_F2_20231019.csv.zip,FR0000125007,LOB,Processed,
314,XPAR_SHARES_F2_20231019.csv.zip,FR0000125486,LOB,Processed,
315,XPAR_SHARES_F2_20231019.csv.zip,FR0000130577,LOB,Processed,
316,XPAR_SHARES_F2_20231019.csv.zip,FR0000130809,LOB,Processed,
317,XPAR_SHARES_F2_20231019.csv.zip,FR0000131906,LOB,Processed,
318,XPAR_SHARES_F2_20231019.csv.zip,FR0010908533,LOB,Processed,
319,XPAR_SHARES_F2_20231019.csv.zip,FR0011981968,LOB,Processed,
320,XPAR_SHARES_F2_20231019.csv.zip,FR0014003TT8,LOB,Processed,
321,XPAR_SHARES_F2_20231019.csv.zip,NL0000226223,LOB,Processed,
322,XPAR_SHARES_F2_20231019.csv.zip,NL00150001Q9,LOB,Processed,
323,XPAR_SHARES_F2_20231019.csv.zip,FR0000073272,FO,Processed,
324,XPAR_SHARES_F2_20231019.csv.zip,FR0000120271,FO,Processed,
325,XPAR_SHARES_F2_20231019.csv.zip,FR0000120321,FO,Processed,
326,XPAR_SHARES_F2_20231019.csv.zip,FR0000120578,FO,Processed,
327,XPAR_SHARES_F2_20231019.csv.zip,FR0000120693,FO,Processed,
328,XPAR_SHARES_F2_20231019.csv.zip,FR0000121329,FO,Processed,
329,XPAR_SHARES_F2_20231019.csv.zip,FR0000121485,FO,Processed,
330,XPAR_SHARES_F2_20231019.csv.zip,FR0000121972,FO,Processed,
331,XPAR_SHARES_F2_20231019.csv.zip,FR0000124141,FO,Processed,
332,XPAR_SHARES_F2_20231019.csv.zip,FR0000125007,FO,Processed,
333,XPAR_SHARES_F2_20231019.csv.zip,FR0000125486,FO,Processed,
334,XPAR_SHARES_F2_20231019.csv.zip,FR0000130577,FO,Processed,
335,XPAR_SHARES_F2_20231019.csv.zip,FR0000130809,FO,Processed,
336,XPAR_SHARES_F2_20231019.csv.zip,FR0000131906,FO,Processed,
337,XPAR_SHARES_F2_20231019.csv.zip,FR0010908533,FO,Processed,
338,XPAR_SHARES_F2_20231019.csv.zip,FR0011981968,FO,Processed,
339,XPAR_SHARES_F2_20231019.csv.zip,FR0014003TT8,FO,Processed,
340,XPAR_SHARES_F2_20231019.csv.zip,NL0000226223,FO,Processed,
341,XPAR_SHARES_F2_20231019.csv.zip,NL00150001Q9,FO,Processed,
342,XPAR_SHARES_F2_20231018.csv.zip,FR0000073272,LOB,Processed,
343,XPAR_SHARES_F2_20231018.csv.zip,FR0000120271,LOB,Processed,
344,XPAR_SHARES_F2_20231018.csv.zip,FR0000120321,LOB,Processed,
345,XPAR_SHARES_F2_20231018.csv.zip,FR0000120578,LOB,Processed,
346,XPAR_SHARES_F2_20231018.csv.zip,FR0000120693,LOB,Processed,
347,XPAR_SHARES_F2_20231018.csv.zip,FR0000121329,LOB,Processed,
348,XPAR_SHARES_F2_20231018.csv.zip,FR0000121485,LOB,Processed,
349,XPAR_SHARES_F2_20231018.csv.zip,FR0000121972,LOB,Processed,
350,XPAR_SHARES_F2_20231018.csv.zip,FR0000124141,LOB,Processed,
351,XPAR_SHARES_F2_20231018.csv.zip,FR0000125007,LOB,Processed,
352,XPAR_SHARES_F2_20231018.csv.zip,FR0000125486,LOB,Processed,
353,XPAR_SHARES_F2_20231018.csv.zip,FR0000130577,LOB,Processed,
354,XPAR_SHARES_F2_20231018.csv.zip,FR0000130809,LOB,Processed,
355,XPAR_SHARES_F2_20231018.csv.zip,FR0000131906,LOB,Processed,
356,XPAR_SHARES_F2_20231018.csv.zip,FR0010908533,LOB,Processed,
357,XPAR_SHARES_F2_20231018.csv.zip,FR0011981968,LOB,Processed,
358,XPAR_SHARES_F2_20231018.csv.zip,FR0014003TT8,LOB,Processed,
359,XPAR_SHARES_F2_20231018.csv.zip,NL0000226223,LOB,Processed,
360,XPAR_SHARES_F2_20231018.csv.zip,NL00150001Q9,LOB,Processed,
361,XPAR_SHARES_F2_20231018.csv.zip,FR0000073272,FO,Processed,
362,XPAR_SHARES_F2_20231018.csv.zip,FR0000120271,FO,Processed,
363,XPAR_SHARES_F2_20231018.csv.zip,FR0000120321,FO,Processed,
364,XPAR_SHARES_F2_20231018.csv.zip,FR0000120578,FO,Processed,
365,XPAR_SHARES_F2_20231018.csv.zip,FR0000120693,FO,Processed,
366,XPAR_SHARES_F2_20231018.csv.zip,FR0000121329,FO,Processed,
367,XPAR_SHARES_F2_20231018.csv.zip,FR0000121485,FO,Processed,
368,XPAR_SHARES_F2_20231018.csv.zip,FR0000121972,FO,Processed,
369,XPAR_SHARES_F2_20231018.csv.zip,FR0000124141,FO,Processed,
370,XPAR_SHARES_F2_20231018.csv.zip,FR0000125007,FO,Processed,
371,XPAR_SHARES_F2_20231018.csv.zip,FR0000125486,FO,Processed,
372,XPAR_SHARES_F2_20231018.csv.zip,FR0000130577,FO,Processed,
373,XPAR_SHARES_F2_20231018.csv.zip,FR0000130809,FO,Processed,
374,XPAR_SHARES_F2_20231018.csv.zip,FR0000131906,FO,Processed,
375,XPAR_SHARES_F2_20231018.csv.zip,FR0010908533,FO,Processed,
376,XPAR_SHARES_F2_20231018.csv.zip,FR0011981968,FO,Processed,
377,XPAR_SHARES_F2_20231018.csv.zip,FR0014003TT8,FO,Processed,
378,XPAR_SHARES_F2_20231018.csv.zip,NL0000226223,FO,Processed,
379,XPAR_SHARES_F2_20231018.csv.zip,NL00150001Q9,FO,Processed,
380,XPAR_SHARES_F2_20231017.csv.zip,FR0000073272,LOB,Processed,
381,XPAR_SHARES_F2_20231017.csv.zip,FR0000120271,LOB,Processed,
382,XPAR_SHARES_F2_20231017.csv.zip,FR0000120321,LOB,Processed,
383,XPAR_SHARES_F2_20231017.csv.zip,FR0000120578,LOB,Processed,
384,XPAR_SHARES_F2_20231017.csv.zip,FR0000120693,LOB,Processed,
385,XPAR_SHARES_F2_20231017.csv.zip,FR0000121329,LOB,Processed,
386,XPAR_SHARES_F2_20231017.csv.zip,FR0000121485,LOB,Processed,
387,XPAR_SHARES_F2_20231017.csv.zip,FR0000121972,LOB,Processed,
388,XPAR_SHARES_F2_20231017.csv.zip,FR0000124141,LOB,Processed,
389,XPAR_SHARES_F2_20231017.csv.zip,FR0000125007,LOB,Processed,
390,XPAR_SHARES_F2_20231017.csv.zip,FR0000125486,LOB,Processed,
391,XPAR_SHARES_F2_20231017.csv.zip,FR0000130577,LOB,Processed,
392,XPAR_SHARES_F2_20231017.csv.zip,FR0000130809,LOB,Processed,
393,XPAR_SHARES_F2_20231017.csv.zip,FR0000131906,LOB,Processed,
394,XPAR_SHARES_F2_20231017.csv.zip,FR0010908533,LOB,Processed,
395,XPAR_SHARES_F2_20231017.csv.zip,FR0011981968,LOB,Processed,
396,XPAR_SHARES_F2_20231017.csv.zip,FR0014003TT8,LOB,Processed,
397,XPAR_SHARES_F2_20231017.csv.zip,NL0000226223,LOB,Processed,
398,XPAR_SHARES_F2_20231017.csv.zip,NL00150001Q9,LOB,Processed,
399,XPAR_SHARES_F2_20231017.csv.zip,FR0000073272,FO,Processed,
400,XPAR_SHARES_F2_20231017.csv.zip,FR0000120271,FO,Processed,
401,XPAR_SHARES_F2_20231017.csv.zip,FR0000120321,FO,Processed,
402,XPAR_SHARES_F2_20231017.csv.zip,FR0000120578,FO,Processed,
403,XPAR_SHARES_F2_20231017.csv.zip,FR0000120693,FO,Processed,
404,XPAR_SHARES_F2_20231017.csv.zip,FR0000121329,FO,Processed,
405,XPAR_SHARES_F2_20231017.csv.zip,FR0000121485,FO,Processed,
406,XPAR_SHARES_F2_20231017.csv.zip,FR0000121972,FO,Processed,
407,XPAR_SHARES_F2_20231017.csv.zip,FR0000124141,FO,Processed,
408,XPAR_SHARES_F2_20231017.csv.zip,FR0000125007,FO,Processed,
409,XPAR_SHARES_F2_20231017.csv.zip,FR0000125486,FO,Processed,
410,XPAR_SHARES_F2_20231017.csv.zip,FR0000130577,FO,Processed,
411,XPAR_SHARES_F2_20231017.csv.zip,FR0000130809,FO,Processed,
412,XPAR_SHARES_F2_20231017.csv.zip,FR0000131906,FO,Processed,
413,XPAR_SHARES_F2_20231017.csv.zip,FR0010908533,FO,Processed,
414,XPAR_SHARES_F2_20231017.csv.zip,FR0011981968,FO,Processed,
415,XPAR_SHARES_F2_20231017.csv.zip,FR0014003TT8,FO,Processed,
416,XPAR_SHARES_F2_20231017.csv.zip,NL0000226223,FO,Processed,
417,XPAR_SHARES_F2_20231017.csv.zip,NL00150001Q9,FO,Processed,
418,XPAR_SHARES_F2_20231016.csv.zip,FR0000073272,LOB,Processed,
419,XPAR_SHARES_F2_20231016.csv.zip,FR0000120271,LOB,Processed,
420,XPAR_SHARES_F2_20231016.csv.zip,FR0000120321,LOB,Processed,
421,XPAR_SHARES_F2_20231016.csv.zip,FR0000120578,LOB,Processed,
422,XPAR_SHARES_F2_20231016.csv.zip,FR0000120693,LOB,Processed,
423,XPAR_SHARES_F2_20231016.csv.zip,FR0000121329,LOB,Processed,
424,XPAR_SHARES_F2_20231016.csv.zip,FR0000121485,LOB,Processed,
425,XPAR_SHARES_F2_20231016.csv.zip,FR0000121972,LOB,Processed,
426,XPAR_SHARES_F2_20231016.csv.zip,FR0000124141,LOB,Processed,
427,XPAR_SHARES_F2_20231016.csv.zip,FR0000125007,LOB,Processed,
428,XPAR_SHARES_F2_20231016.csv.zip,FR0000125486,LOB,Processed,
429,XPAR_SHARES_F2_20231016.csv.zip,FR0000130577,LOB,Processed,
430,XPAR_SHARES_F2_20231016.csv.zip,FR0000130809,LOB,Processed,
431,XPAR_SHARES_F2_20231016.csv.zip,FR0000131906,LOB,Processed,
432,XPAR_SHARES_F2_20231016.csv.zip,FR0010908533,LOB,Processed,
433,XPAR_SHARES_F2_20231016.csv.zip,FR0011981968,LOB,Processed,
434,XPAR_SHARES_F2_20231016.csv.zip,FR0014003TT8,LOB,Processed,
435,XPAR_SHARES_F2_20231016.csv.zip,NL0000226223,LOB,Processed,
436,XPAR_SHARES_F2_20231016.csv.zip,NL00150001Q9,LOB,Processed,
437,XPAR_SHARES_F2_20231016.csv.zip,FR0000073272,FO,Processed,
438,XPAR_SHARES_F2_20231016.csv.zip,FR0000120271,FO,Processed,
439,XPAR_SHARES_F2_20231016.csv.zip,FR0000120321,FO,Processed,
440,XPAR_SHARES_F2_20231016.csv.zip,FR0000120578,FO,Processed,
441,XPAR_SHARES_F2_20231016.csv.zip,FR0000120693,FO,Processed,
442,XPAR_SHARES_F2_20231016.csv.zip,FR0000121329,FO,Processed,
443,XPAR_SHARES_F2_20231016.csv.zip,FR0000121485,FO,Processed,
444,XPAR_SHARES_F2_20231016.csv.zip,FR0000121972,FO,Processed,
445,XPAR_SHARES_F2_20231016.csv.zip,FR0000124141,FO,Processed,
446,XPAR_SHARES_F2_20231016.csv.zip,FR0000125007,FO,Processed,
447,XPAR_SHARES_F2_20231016.csv.zip,FR0000125486,FO,Processed,
448,XPAR_SHARES_F2_20231016.csv.zip,FR0000130577,FO,Processed,
449,XPAR_SHARES_F2_20231016.csv.zip,FR0000130809,FO,Processed,
450,XPAR_SHARES_F2_20231016.csv.zip,FR0000131906,FO,Processed,
451,XPAR_SHARES_F2_20231016.csv.zip,FR0010908533,FO,Processed,
452,XPAR_SHARES_F2_20231016.csv.zip,FR0011981968,FO,Processed,
453,XPAR_SHARES_F2_20231016.csv.zip,FR0014003TT8,FO,Processed,
454,XPAR_SHARES_F2_20231016.csv.zip,NL0000226223,FO,Processed,
455,XPAR_SHARES_F2_20231016.csv.zip,NL00150001Q9,FO,Processed,
456,XPAR_SHARES_F2_20231013.csv.zip,FR0000073272,LOB,Processed,
457,XPAR_SHARES_F2_20231013.csv.zip,FR0000120271,LOB,Processed,
458,XPAR_SHARES_F2_20231013.csv.zip,FR0000120321,LOB,Processed,
459,XPAR_SHARES_F2_20231013.csv.zip,FR0000120578,LOB,Processed,
460,XPAR_SHARES_F2_20231013.csv.zip,FR0000120693,LOB,Processed,
461,XPAR_SHARES_F2_20231013.csv.zip,FR0000121329,LOB,Processed,
462,XPAR_SHARES_F2_20231013.csv.zip,FR0000121485,LOB,Processed,
463,XPAR_SHARES_F2_20231013.csv.zip,FR0000121972,LOB,Processed,
464,XPAR_SHARES_F2_20231013.csv.zip,FR0000124141,LOB,Processed,
465,XPAR_SHARES_F2_20231013.csv.zip,FR0000125007,LOB,Processed,
466,XPAR_SHARES_F2_20231013.csv.zip,FR0000125486,LOB,Processed,
467,XPAR_SHARES_F2_20231013.csv.zip,FR0000130577,LOB,Processed,
468,XPAR_SHARES_F2_20231013.csv.zip,FR0000130809,LOB,Processed,
469,XPAR_SHARES_F2_20231013.csv.zip,FR0000131906,LOB,Processed,
470,XPAR_SHARES_F2_20231013.csv.zip,FR0010908533,LOB,Processed,
471,XPAR_SHARES_F2_20231013.csv.zip,FR0011981968,LOB,Processed,
472,XPAR_SHARES_F2_20231013.csv.zip,FR0014003TT8,LOB,Processed,
473,XPAR_SHARES_F2_20231013.csv.zip,NL0000226223,LOB,Processed,
474,XPAR_SHARES_F2_20231013.csv.zip,NL00150001Q9,LOB,Processed,
475,XPAR_SHARES_F2_20231013.csv.zip,FR0000073272,FO,Processed,
476,XPAR_SHARES_F2_20231013.csv.zip,FR0000120271,FO,Processed,
477,XPAR_SHARES_F2_20231013.csv.zip,FR0000120321,FO,Processed,
478,XPAR_SHARES_F2_20231013.csv.zip,FR0000120578,FO,Processed,
479,XPAR_SHARES_F2_20231013.csv.zip,FR0000120693,FO,Processed,
480,XPAR_SHARES_F2_20231013.csv.zip,FR0000121329,FO,Processed,
481,XPAR_SHARES_F2_20231013.csv.zip,FR0000121485,FO,Processed,
482,XPAR_SHARES_F2_20231013.csv.zip,FR0000121972,FO,Processed,
483,XPAR_SHARES_F2_20231013.csv.zip,FR0000124141,FO,Processed,
484,XPAR_SHARES_F2_20231013.csv.zip,FR0000125007,FO,Processed,
485,XPAR_SHARES_F2_20231013.csv.zip,FR0000125486,FO,Processed,
486,XPAR_SHARES_F2_20231013.csv.zip,FR0000130577,FO,Processed,
487,XPAR_SHARES_F2_20231013.csv.zip,FR0000130809,FO,Processed,
488,XPAR_SHARES_F2_20231013.csv.zip,FR0000131906,FO,Processed,
489,XPAR_SHARES_F2_20231013.csv.zip,FR0010908533,FO,Processed,
490,XPAR_SHARES_F2_20231013.csv.zip,FR0011981968,FO,Processed,
491,XPAR_SHARES_F2_20231013.csv.zip,FR0014003TT8,FO,Processed,
492,XPAR_SHARES_F2_20231013.csv.zip,NL0000226223,FO,Processed,
493,XPAR_SHARES_F2_20231013.csv.zip,NL00150001Q9,FO,Processed,
494,XPAR_SHARES_F2_20231012.csv.zip,FR0000073272,LOB,Processed,
495,XPAR_SHARES_F2_20231012.csv.zip,FR0000120271,LOB,Processed,
496,XPAR_SHARES_F2_20231012.csv.zip,FR0000120321,LOB,Processed,
497,XPAR_SHARES_F2_20231012.csv.zip,FR0000120578,LOB,Processed,
498,XPAR_SHARES_F2_20231012.csv.zip,FR0000120693,LOB,Processed,
499,XPAR_SHARES_F2_20231012.csv.zip,FR0000121329,LOB,Processed,
500,XPAR_SHARES_F2_20231012.csv.zip,FR0000121485,LOB,Processed,
501,XPAR_SHARES_F2_20231012.csv.zip,FR0000121972,LOB,Processed,
502,XPAR_SHARES_F2_20231012.csv.zip,FR0000124141,LOB,Processed,
503,XPAR_SHARES_F2_20231012.csv.zip,FR0000125007,LOB,Processed,
504,XPAR_SHARES_F2_20231012.csv.zip,FR0000125486,LOB,Processed,
505,XPAR_SHARES_F2_20231012.csv.zip,FR0000130577,LOB,Processed,
506,XPAR_SHARES_F2_20231012.csv.zip,FR0000130809,LOB,Processed,
507,XPAR_SHARES_F2_20231012.csv.zip,FR0000131906,LOB,Processed,
508,XPAR_SHARES_F2_20231012.csv.zip,FR0010908533,LOB,Processed,
509,XPAR_SHARES_F2_20231012.csv.zip,FR0011981968,LOB,Processed,
510,XPAR_SHARES_F2_20231012.csv.zip,FR0014003TT8,LOB,Processed,
511,XPAR_SHARES_F2_20231012.csv.zip,NL0000226223,LOB,Processed,
512,XPAR_SHARES_F2_20231012.csv.zip,NL00150001Q9,LOB,Processed,
513,XPAR_SHARES_F2_20231012.csv.zip,FR0000073272,FO,Processed,
514,XPAR_SHARES_F2_20231012.csv.zip,FR0000120271,FO,Processed,
515,XPAR_SHARES_F2_20231012.csv.zip,FR0000120321,FO,Processed,
516,XPAR_SHARES_F2_20231012.csv.zip,FR0000120578,FO,Processed,
517,XPAR_SHARES_F2_20231012.csv.zip,FR0000120693,FO,Processed,
518,XPAR_SHARES_F2_20231012.csv.zip,FR0000121329,FO,Processed,
519,XPAR_SHARES_F2_20231012.csv.zip,FR0000121485,FO,Processed,
520,XPAR_SHARES_F2_20231012.csv.zip,FR0000121972,FO,Processed,
521,XPAR_SHARES_F2_20231012.csv.zip,FR0000124141,FO,Processed,
522,XPAR_SHARES_F2_20231012.csv.zip,FR0000125007,FO,Processed,
523,XPAR_SHARES_F2_20231012.csv.zip,FR0000125486,FO,Processed,
524,XPAR_SHARES_F2_20231012.csv.zip,FR0000130577,FO,Processed,
525,XPAR_SHARES_F2_20231012.csv.zip,FR0000130809,FO,Processed,
526,XPAR_SHARES_F2_20231012.csv.zip,FR0000131906,FO,Processed,
527,XPAR_SHARES_F2_20231012.csv.zip,FR0010908533,FO,Processed,
528,XPAR_SHARES_F2_20231012.csv.zip,FR0011981968,FO,Processed,
529,XPAR_SHARES_F2_20231012.csv.zip,FR0014003TT8,FO,Processed,
530,XPAR_SHARES_F2_20231012.csv.zip,NL0000226223,FO,Processed,
531,XPAR_SHARES_F2_20231012.csv.zip,NL00150001Q9,FO,Processed,
532,XPAR_SHARES_F2_20231011.csv.zip,FR0000073272,LOB,Processed,
533,XPAR_SHARES_F2_20231011.csv.zip,FR0000120271,LOB,Processed,
534,XPAR_SHARES_F2_20231011.csv.zip,FR0000120321,LOB,Processed,
535,XPAR_SHARES_F2_20231011.csv.zip,FR0000120578,LOB,Processed,
536,XPAR_SHARES_F2_20231011.csv.zip,FR0000120693,LOB,Processed,
537,XPAR_SHARES_F2_20231011.csv.zip,FR0000121329,LOB,Processed,
538,XPAR_SHARES_F2_20231011.csv.zip,FR0000121485,LOB,Processed,
539,XPAR_SHARES_F2_20231011.csv.zip,FR0000121972,LOB,Processed,
540,XPAR_SHARES_F2_20231011.csv.zip,FR0000124141,LOB,Processed,
541,XPAR_SHARES_F2_20231011.csv.zip,FR0000125007,LOB,Processed,
542,XPAR_SHARES_F2_20231011.csv.zip,FR0000125486,LOB,Processed,
543,XPAR_SHARES_F2_20231011.csv.zip,FR0000130577,LOB,Processed,
544,XPAR_SHARES_F2_20231011.csv.zip,FR0000130809,LOB,Processed,
545,XPAR_SHARES_F2_20231011.csv.zip,FR0000131906,LOB,Processed,
546,XPAR_SHARES_F2_20231011.csv.zip,FR0010908533,LOB,Processed,
547,XPAR_SHARES_F2_20231011.csv.zip,FR0011981968,LOB,Processed,
548,XPAR_SHARES_F2_20231011.csv.zip,FR0014003TT8,LOB,Processed,
549,XPAR_SHARES_F2_20231011.csv.zip,NL0000226223,LOB,Processed,
550,XPAR_SHARES_F2_20231011.csv.zip,NL00150001Q9,LOB,Processed,
551,XPAR_SHARES_F2_20231011.csv.zip,FR0000073272,FO,Processed,
552,XPAR_SHARES_F2_20231011.csv.zip,FR0000120271,FO,Processed,
553,XPAR_SHARES_F2_20231011.csv.zip,FR0000120321,FO,Processed,
554,XPAR_SHARES_F2_20231011.csv.zip,FR0000120578,FO,Processed,
555,XPAR_SHARES_F2_20231011.csv.zip,FR0000120693,FO,Processed,
556,XPAR_SHARES_F2_20231011.csv.zip,FR0000121329,FO,Processed,
557,XPAR_SHARES_F2_20231011.csv.zip,FR0000121485,FO,Processed,
558,XPAR_SHARES_F2_20231011.csv.zip,FR0000121972,FO,Processed,
559,XPAR_SHARES_F2_20231011.csv.zip,FR0000124141,FO,Processed,
560,XPAR_SHARES_F2_20231011.csv.zip,FR0000125007,FO,Processed,
561,XPAR_SHARES_F2_20231011.csv.zip,FR0000125486,FO,Processed,
562,XPAR_SHARES_F2_20231011.csv.zip,FR0000130577,FO,Processed,
563,XPAR_SHARES_F2_20231011.csv.zip,FR0000130809,FO,Processed,
564,XPAR_SHARES_F2_20231011.csv.zip,FR0000131906,FO,Processed,
565,XPAR_SHARES_F2_20231011.csv.zip,FR0010908533,FO,Processed,
566,XPAR_SHARES_F2_20231011.csv.zip,FR0011981968,FO,Processed,
567,XPAR_SHARES_F2_20231011.csv.zip,FR0014003TT8,FO,Processed,
568,XPAR_SHARES_F2_20231011.csv.zip,NL0000226223,FO,Processed,
569,XPAR_SHARES_F2_20231011.csv.zip,NL00150001Q9,FO,Processed,
570,XPAR_SHARES_F2_20231010.csv.zip,FR0000073272,LOB,Processed,
571,XPAR_SHARES_F2_20231010.csv.zip,FR0000120271,LOB,Processed,
572,XPAR_SHARES_F2_20231010.csv.zip,FR0000120321,LOB,Processed,
573,XPAR_SHARES_F2_20231010.csv.zip,FR0000120578,LOB,Processed,
574,XPAR_SHARES_F2_20231010.csv.zip,FR0000120693,LOB,Processed,
575,XPAR_SHARES_F2_20231010.csv.zip,FR0000121329,LOB,Processed,
576,XPAR_SHARES_F2_20231010.csv.zip,FR0000121485,LOB,Processed,
577,XPAR_SHARES_F2_20231010.csv.zip,FR0000121972,LOB,Processed,
578,XPAR_SHARES_F2_20231010.csv.zip,FR0000124141,LOB,Processed,
579,XPAR_SHARES_F2_20231010.csv.zip,FR0000125007,LOB,Processed,
580,XPAR_SHARES_F2_20231010.csv.zip,FR0000125486,LOB,Processed,
581,XPAR_SHARES_F2_20231010.csv.zip,FR0000130577,LOB,Processed,
582,XPAR_SHARES_F2_20231010.csv.zip,FR0000130809,LOB,Processed,
583,XPAR_SHARES_F2_20231010.csv.zip,FR0000131906,LOB,Processed,
584,XPAR_SHARES_F2_20231010.csv.zip,FR0010908533,LOB,Processed,
585,XPAR_SHARES_F2_20231010.csv.zip,FR0011981968,LOB,Processed,
586,XPAR_SHARES_F2_20231010.csv.zip,FR0014003TT8,LOB,Processed,
587,XPAR_SHARES_F2_20231010.csv.zip,NL0000226223,LOB,Processed,
588,XPAR_SHARES_F2_20231010.csv.zip,NL00150001Q9,LOB,Processed,
589,XPAR_SHARES_F2_20231010.csv.zip,FR0000073272,FO,Processed,
590,XPAR_SHARES_F2_20231010.csv.zip,FR0000120271,FO,Processed,
591,XPAR_SHARES_F2_20231010.csv.zip,FR0000120321,FO,Processed,
592,XPAR_SHARES_F2_20231010.csv.zip,FR0000120578,FO,Processed,
593,XPAR_SHARES_F2_20231010.csv.zip,FR0000120693,FO,Processed,
594,XPAR_SHARES_F2_20231010.csv.zip,FR0000121329,FO,Processed,
595,XPAR_SHARES_F2_20231010.csv.zip,FR0000121485,FO,Processed,
596,XPAR_SHARES_F2_20231010.csv.zip,FR0000121972,FO,Processed,
597,XPAR_SHARES_F2_20231010.csv.zip,FR0000124141,FO,Processed,
598,XPAR_SHARES_F2_20231010.csv.zip,FR0000125007,FO,Processed,
599,XPAR_SHARES_F2_20231010.csv.zip,FR0000125486,FO,Processed,
600,XPAR_SHARES_F2_20231010.csv.zip,FR0000130577,FO,Processed,
601,XPAR_SHARES_F2_20231010.csv.zip,FR0000130809,FO,Processed,
602,XPAR_SHARES_F2_20231010.csv.zip,FR0000131906,FO,Processed,
603,XPAR_SHARES_F2_20231010.csv.zip,FR0010908533,FO,Processed,
604,XPAR_SHARES_F2_20231010.csv.zip,FR0011981968,FO,Processed,
605,XPAR_SHARES_F2_20231010.csv.zip,FR0014003TT8,FO,Processed,
606,XPAR_SHARES_F2_20231010.csv.zip,NL0000226223,FO,Processed,
607,XPAR_SHARES_F2_20231010.csv.zip,NL00150001Q9,FO,Processed,
608,XPAR_SHARES_F2_20231009.csv.zip,FR0000073272,LOB,Processed,
609,XPAR_SHARES_F2_20231009.csv.zip,FR0000120271,LOB,Processed,
610,XPAR_SHARES_F2_20231009.csv.zip,FR0000120321,LOB,Processed,
611,XPAR_SHARES_F2_20231009.csv.zip,FR0000120578,LOB,Processed,
612,XPAR_SHARES_F2_20231009.csv.zip,FR0000120693,LOB,Processed,
613,XPAR_SHARES_F2_20231009.csv.zip,FR0000121329,LOB,Processed,
614,XPAR_SHARES_F2_20231009.csv.zip,FR0000121485,LOB,Processed,
615,XPAR_SHARES_F2_20231009.csv.zip,FR0000121972,LOB,Processed,
616,XPAR_SHARES_F2_20231009.csv.zip,FR0000124141,LOB,Processed,
617,XPAR_SHARES_F2_20231009.csv.zip,FR0000125007,LOB,Processed,
618,XPAR_SHARES_F2_20231009.csv.zip,FR0000125486,LOB,Processed,
619,XPAR_SHARES_F2_20231009.csv.zip,FR0000130577,LOB,Processed,
620,XPAR_SHARES_F2_20231009.csv.zip,FR0000130809,LOB,Processed,
621,XPAR_SHARES_F2_20231009.csv.zip,FR0000131906,LOB,Processed,
622,XPAR_SHARES_F2_20231009.csv.zip,FR0010908533,LOB,Processed,
623,XPAR_SHARES_F2_20231009.csv.zip,FR0011981968,LOB,Processed,
624,XPAR_SHARES_F2_20231009.csv.zip,FR0014003TT8,LOB,Processed,
625,XPAR_SHARES_F2_20231009.csv.zip,NL0000226223,LOB,Processed,
626,XPAR_SHARES_F2_20231009.csv.zip,NL00150001Q9,LOB,Processed,
627,XPAR_SHARES_F2_20231009.csv.zip,FR0000073272,FO,Processed,
628,XPAR_SHARES_F2_20231009.csv.zip,FR0000120271,FO,Processed,
629,XPAR_SHARES_F2_20231009.csv.zip,FR0000120321,FO,Processed,
630,XPAR_SHARES_F2_20231009.csv.zip,FR0000120578,FO,Processed,
631,XPAR_SHARES_F2_20231009.csv.zip,FR0000120693,FO,Processed,
632,XPAR_SHARES_F2_20231009.csv.zip,FR0000121329,FO,Processed,
633,XPAR_SHARES_F2_20231009.csv.zip,FR0000121485,FO,Processed,
634,XPAR_SHARES_F2_20231009.csv.zip,FR0000121972,FO,Processed,
635,XPAR_SHARES_F2_20231009.csv.zip,FR0000124141,FO,Processed,
636,XPAR_SHARES_F2_20231009.csv.zip,FR0000125007,FO,Processed,
637,XPAR_SHARES_F2_20231009.csv.zip,FR0000125486,FO,Processed,
638,XPAR_SHARES_F2_20231009.csv.zip,FR0000130577,FO,Processed,
639,XPAR_SHARES_F2_20231009.csv.zip,FR0000130809,FO,Processed,
640,XPAR_SHARES_F2_20231009.csv.zip,FR0000131906,FO,Processed,
641,XPAR_SHARES_F2_20231009.csv.zip,FR0010908533,FO,Processed,
642,XPAR_SHARES_F2_20231009.csv.zip,FR0011981968,FO,Processed,
643,XPAR_SHARES_F2_20231009.csv.zip,FR0014003TT8,FO,Processed,
644,XPAR_SHARES_F2_20231009.csv.zip,NL0000226223,FO,Processed,
645,XPAR_SHARES_F2_20231009.csv.zip,NL00150001Q9,FO,Processed,
646,XPAR_SHARES_F2_20231006.csv.zip,FR0000073272,LOB,Processed,
647,XPAR_SHARES_F2_20231006.csv.zip,FR0000120271,LOB,Processed,
648,XPAR_SHARES_F2_20231006.csv.zip,FR0000120321,LOB,Processed,
649,XPAR_SHARES_F2_20231006.csv.zip,FR0000120578,LOB,Processed,
650,XPAR_SHARES_F2_20231006.csv.zip,FR0000120693,LOB,Processed,
651,XPAR_SHARES_F2_20231006.csv.zip,FR0000121329,LOB,Processed,
652,XPAR_SHARES_F2_20231006.csv.zip,FR0000121485,LOB,Processed,
653,XPAR_SHARES_F2_20231006.csv.zip,FR0000121972,LOB,Processed,
654,XPAR_SHARES_F2_20231006.csv.zip,FR0000124141,LOB,Processed,
655,XPAR_SHARES_F2_20231006.csv.zip,FR0000125007,LOB,Processed,
656,XPAR_SHARES_F2_20231006.csv.zip,FR0000125486,LOB,Processed,
657,XPAR_SHARES_F2_20231006.csv.zip,FR0000130577,LOB,Processed,
658,XPAR_SHARES_F2_20231006.csv.zip,FR0000130809,LOB,Processed,
659,XPAR_SHARES_F2_20231006.csv.zip,FR0000131906,LOB,Processed,
660,XPAR_SHARES_F2_20231006.csv.zip,FR0010908533,LOB,Processed,
661,XPAR_SHARES_F2_20231006.csv.zip,FR0011981968,LOB,Processed,
662,XPAR_SHARES_F2_20231006.csv.zip,FR0014003TT8,LOB,Processed,
663,XPAR_SHARES_F2_20231006.csv.zip,NL0000226223,LOB,Processed,
664,XPAR_SHARES_F2_20231006.csv.zip,NL00150001Q9,LOB,Processed,
665,XPAR_SHARES_F2_20231006.csv.zip,FR0000073272,FO,Processed,
666,XPAR_SHARES_F2_20231006.csv.zip,FR0000120271,FO,Processed,
667,XPAR_SHARES_F2_20231006.csv.zip,FR0000120321,FO,Processed,
668,XPAR_SHARES_F2_20231006.csv.zip,FR0000120578,FO,Processed,
669,XPAR_SHARES_F2_20231006.csv.zip,FR0000120693,FO,Processed,
670,XPAR_SHARES_F2_20231006.csv.zip,FR0000121329,FO,Processed,
671,XPAR_SHARES_F2_20231006.csv.zip,FR0000121485,FO,Processed,
672,XPAR_SHARES_F2_20231006.csv.zip,FR0000121972,FO,Processed,
673,XPAR_SHARES_F2_20231006.csv.zip,FR0000124141,FO,Processed,
674,XPAR_SHARES_F2_20231006.csv.zip,FR0000125007,FO,Processed,
675,XPAR_SHARES_F2_20231006.csv.zip,FR0000125486,FO,Processed,
676,XPAR_SHARES_F2_20231006.csv.zip,FR0000130577,FO,Processed,
677,XPAR_SHARES_F2_20231006.csv.zip,FR0000130809,FO,Processed,
678,XPAR_SHARES_F2_20231006.csv.zip,FR0000131906,FO,Processed,
679,XPAR_SHARES_F2_20231006.csv.zip,FR0010908533,FO,Processed,
680,XPAR_SHARES_F2_20231006.csv.zip,FR0011981968,FO,Processed,
681,XPAR_SHARES_F2_20231006.csv.zip,FR0014003TT8,FO,Processed,
682,XPAR_SHARES_F2_20231006.csv.zip,NL0000226223,FO,Processed,
683,XPAR_SHARES_F2_20231006.csv.zip,NL00150001Q9,FO,Processed,
684,XPAR_SHARES_F2_20231005.csv.zip,FR0000073272,LOB,Processed,
685,XPAR_SHARES_F2_20231005.csv.zip,FR0000120271,LOB,Processed,
686,XPAR_SHARES_F2_20231005.csv.zip,FR0000120321,LOB,Processed,
687,XPAR_SHARES_F2_20231005.csv.zip,FR0000120578,LOB,Processed,
688,XPAR_SHARES_F2_20231005.csv.zip,FR0000120693,LOB,Processed,
689,XPAR_SHARES_F2_20231005.csv.zip,FR0000121329,LOB,Processed,
690,XPAR_SHARES_F2_20231005.csv.zip,FR0000121485,LOB,Processed,
691,XPAR_SHARES_F2_20231005.csv.zip,FR0000121972,LOB,Processed,
692,XPAR_SHARES_F2_20231005.csv.zip,FR0000124141,LOB,Processed,
693,XPAR_SHARES_F2_20231005.csv.zip,FR0000125007,LOB,Processed,
694,XPAR_SHARES_F2_20231005.csv.zip,FR0000125486,LOB,Processed,
695,XPAR_SHARES_F2_20231005.csv.zip,FR0000130577,LOB,Processed,
696,XPAR_SHARES_F2_20231005.csv.zip,FR0000130809,LOB,Processed,
697,XPAR_SHARES_F2_20231005.csv.zip,FR0000131906,LOB,Processed,
698,XPAR_SHARES_F2_20231005.csv.zip,FR0010908533,LOB,Processed,
699,XPAR_SHARES_F2_20231005.csv.zip,FR0011981968,LOB,Processed,
700,XPAR_SHARES_F2_20231005.csv.zip,FR0014003TT8,LOB,Processed,
701,XPAR_SHARES_F2_20231005.csv.zip,NL0000226223,LOB,Processed,
702,XPAR_SHARES_F2_20231005.csv.zip,NL00150001Q9,LOB,Processed,
703,XPAR_SHARES_F2_20231005.csv.zip,FR0000073272,FO,Processed,
704,XPAR_SHARES_F2_20231005.csv.zip,FR0000120271,FO,Processed,
705,XPAR_SHARES_F2_20231005.csv.zip,FR0000120321,FO,Processed,
706,XPAR_SHARES_F2_20231005.csv.zip,FR0000120578,FO,Processed,
707,XPAR_SHARES_F2_20231005.csv.zip,FR0000120693,FO,Processed,
708,XPAR_SHARES_F2_20231005.csv.zip,FR0000121329,FO,Processed,
709,XPAR_SHARES_F2_20231005.csv.zip,FR0000121485,FO,Processed,
710,XPAR_SHARES_F2_20231005.csv.zip,FR0000121972,FO,Processed,
711,XPAR_SHARES_F2_20231005.csv.zip,FR0000124141,FO,Processed,
712,XPAR_SHARES_F2_20231005.csv.zip,FR0000125007,FO,Processed,
713,XPAR_SHARES_F2_20231005.csv.zip,FR0000125486,FO,Processed,
714,XPAR_SHARES_F2_20231005.csv.zip,FR0000130577,FO,Processed,
715,XPAR_SHARES_F2_20231005.csv.zip,FR0000130809,FO,Processed,
716,XPAR_SHARES_F2_20231005.csv.zip,FR0000131906,FO,Processed,
717,XPAR_SHARES_F2_20231005.csv.zip,FR0010908533,FO,Processed,
718,XPAR_SHARES_F2_20231005.csv.zip,FR0011981968,FO,Processed,
719,XPAR_SHARES_F2_20231005.csv.zip,FR0014003TT8,FO,Processed,
720,XPAR_SHARES_F2_20231005.csv.zip,NL0000226223,FO,Processed,
721,XPAR_SHARES_F2_20231005.csv.zip,NL00150001Q9,FO,Processed,
722,XPAR_SHARES_F2_20231004.csv.zip,FR0000073272,LOB,Processed,
723,XPAR_SHARES_F2_20231004.csv.zip,FR0000120271,LOB,Processed,
724,XPAR_SHARES_F2_20231004.csv.zip,FR0000120321,LOB,Processed,
725,XPAR_SHARES_F2_20231004.csv.zip,FR0000120578,LOB,Processed,
726,XPAR_SHARES_F2_20231004.csv.zip,FR0000120693,LOB,Processed,
727,XPAR_SHARES_F2_20231004.csv.zip,FR0000121329,LOB,Processed,
728,XPAR_SHARES_F2_20231004.csv.zip,FR0000121485,LOB,Processed,
729,XPAR_SHARES_F2_20231004.csv.zip,FR0000121972,LOB,Processed,
730,XPAR_SHARES_F2_20231004.csv.zip,FR0000124141,LOB,Processed,
731,XPAR_SHARES_F2_20231004.csv.zip,FR0000125007,LOB,Processed,
732,XPAR_SHARES_F2_20231004.csv.zip,FR0000125486,LOB,Processed,
733,XPAR_SHARES_F2_20231004.csv.zip,FR0000130577,LOB,Processed,
734,XPAR_SHARES_F2_20231004.csv.zip,FR0000130809,LOB,Processed,
735,XPAR_SHARES_F2_20231004.csv.zip,FR0000131906,LOB,Processed,
736,XPAR_SHARES_F2_20231004.csv.zip,FR0010908533,LOB,Processed,
737,XPAR_SHARES_F2_20231004.csv.zip,FR0011981968,LOB,Processed,
738,XPAR_SHARES_F2_20231004.csv.zip,FR0014003TT8,LOB,Processed,
739,XPAR_SHARES_F2_20231004.csv.zip,NL0000226223,LOB,Processed,
740,XPAR_SHARES_F2_20231004.csv.zip,NL00150001Q9,LOB,Processed,
741,XPAR_SHARES_F2_20231004.csv.zip,FR0000073272,FO,Processed,
742,XPAR_SHARES_F2_20231004.csv.zip,FR0000120271,FO,Processed,
743,XPAR_SHARES_F2_20231004.csv.zip,FR0000120321,FO,Processed,
744,XPAR_SHARES_F2_20231004.csv.zip,FR0000120578,FO,Processed,
745,XPAR_SHARES_F2_20231004.csv.zip,FR0000120693,FO,Processed,
746,XPAR_SHARES_F2_20231004.csv.zip,FR0000121329,FO,Processed,
747,XPAR_SHARES_F2_20231004.csv.zip,FR0000121485,FO,Processed,
748,XPAR_SHARES_F2_20231004.csv.zip,FR0000121972,FO,Processed,
749,XPAR_SHARES_F2_20231004.csv.zip,FR0000124141,FO,Processed,
750,XPAR_SHARES_F2_20231004.csv.zip,FR0000125007,FO,Processed,
751,XPAR_SHARES_F2_20231004.csv.zip,FR0000125486,FO,Processed,
752,XPAR_SHARES_F2_20231004.csv.zip,FR0000130577,FO,Processed,
753,XPAR_SHARES_F2_20231004.csv.zip,FR0000130809,FO,Processed,
754,XPAR_SHARES_F2_20231004.csv.zip,FR0000131906,FO,Processed,
755,XPAR_SHARES_F2_20231004.csv.zip,FR0010908533,FO,Processed,
756,XPAR_SHARES_F2_20231004.csv.zip,FR0011981968,FO,Processed,
757,XPAR_SHARES_F2_20231004.csv.zip,FR0014003TT8,FO,Processed,
758,XPAR_SHARES_F2_20231004.csv.zip,NL0000226223,FO,Processed,
759,XPAR_SHARES_F2_20231004.csv.zip,NL00150001Q9,FO,Processed,
760,XPAR_SHARES_F2_20231003.csv.zip,FR0000073272,LOB,Processed,
761,XPAR_SHARES_F2_20231003.csv.zip,FR0000120271,LOB,Processed,
762,XPAR_SHARES_F2_20231003.csv.zip,FR0000120321,LOB,Processed,
763,XPAR_SHARES_F2_20231003.csv.zip,FR0000120578,LOB,Processed,
764,XPAR_SHARES_F2_20231003.csv.zip,FR0000120693,LOB,Processed,
765,XPAR_SHARES_F2_20231003.csv.zip,FR0000121329,LOB,Processed,
766,XPAR_SHARES_F2_20231003.csv.zip,FR0000121485,LOB,Processed,
767,XPAR_SHARES_F2_20231003.csv.zip,FR0000121972,LOB,Processed,
768,XPAR_SHARES_F2_20231003.csv.zip,FR0000124141,LOB,Processed,
769,XPAR_SHARES_F2_20231003.csv.zip,FR0000125007,LOB,Processed,
770,XPAR_SHARES_F2_20231003.csv.zip,FR0000125486,LOB,Processed,
771,XPAR_SHARES_F2_20231003.csv.zip,FR0000130577,LOB,Processed,
772,XPAR_SHARES_F2_20231003.csv.zip,FR0000130809,LOB,Processed,
773,XPAR_SHARES_F2_20231003.csv.zip,FR0000131906,LOB,Processed,
774,XPAR_SHARES_F2_20231003.csv.zip,FR0010908533,LOB,Processed,
775,XPAR_SHARES_F2_20231003.csv.zip,FR0011981968,LOB,Processed,
776,XPAR_SHARES_F2_20231003.csv.zip,FR0014003TT8,LOB,Processed,
777,XPAR_SHARES_F2_20231003.csv.zip,NL0000226223,LOB,Processed,
778,XPAR_SHARES_F2_20231003.csv.zip,NL00150001Q9,LOB,Processed,
779,XPAR_SHARES_F2_20231003.csv.zip,FR0000073272,FO,Processed,
780,XPAR_SHARES_F2_20231003.csv.zip,FR0000120271,FO,Processed,
781,XPAR_SHARES_F2_20231003.csv.zip,FR0000120321,FO,Processed,
782,XPAR_SHARES_F2_20231003.csv.zip,FR0000120578,FO,Processed,
783,XPAR_SHARES_F2_20231003.csv.zip,FR0000120693,FO,Processed,
784,XPAR_SHARES_F2_20231003.csv.zip,FR0000121329,FO,Processed,
785,XPAR_SHARES_F2_20231003.csv.zip,FR0000121485,FO,Processed,
786,XPAR_SHARES_F2_20231003.csv.zip,FR0000121972,FO,Processed,
787,XPAR_SHARES_F2_20231003.csv.zip,FR0000124141,FO,Processed,
788,XPAR_SHARES_F2_20231003.csv.zip,FR0000125007,FO,Processed,
789,XPAR_SHARES_F2_20231003.csv.zip,FR0000125486,FO,Processed,
790,XPAR_SHARES_F2_20231003.csv.zip,FR0000130577,FO,Processed,
791,XPAR_SHARES_F2_20231003.csv.zip,FR0000130809,FO,Processed,
792,XPAR_SHARES_F2_20231003.csv.zip,FR0000131906,FO,Processed,
793,XPAR_SHARES_F2_20231003.csv.zip,FR0010908533,FO,Processed,
794,XPAR_SHARES_F2_20231003.csv.zip,FR0011981968,FO,Processed,
795,XPAR_SHARES_F2_20231003.csv.zip,FR0014003TT8,FO,Processed,
796,XPAR_SHARES_F2_20231003.csv.zip,NL0000226223,FO,Processed,
797,XPAR_SHARES_F2_20231003.csv.zip,NL00150001Q9,FO,Processed,
798,XPAR_SHARES_F2_20231002.csv.zip,FR0000073272,LOB,Processed,
799,XPAR_SHARES_F2_20231002.csv.zip,FR0000120271,LOB,Processed,
800,XPAR_SHARES_F2_20231002.csv.zip,FR0000120321,LOB,Processed,
801,XPAR_SHARES_F2_20231002.csv.zip,FR0000120578,LOB,Processed,
802,XPAR_SHARES_F2_20231002.csv.zip,FR0000120693,LOB,Processed,
803,XPAR_SHARES_F2_20231002.csv.zip,FR0000121329,LOB,Processed,
804,XPAR_SHARES_F2_20231002.csv.zip,FR0000121485,LOB,Processed,
805,XPAR_SHARES_F2_20231002.csv.zip,FR0000121972,LOB,Processed,
806,XPAR_SHARES_F2_20231002.csv.zip,FR0000124141,LOB,Processed,
807,XPAR_SHARES_F2_20231002.csv.zip,FR0000125007,LOB,Processed,
808,XPAR_SHARES_F2_20231002.csv.zip,FR0000125486,LOB,Processed,
809,XPAR_SHARES_F2_20231002.csv.zip,FR0000130577,LOB,Processed,
810,XPAR_SHARES_F2_20231002.csv.zip,FR0000130809,LOB,Processed,
811,XPAR_SHARES_F2_20231002.csv.zip,FR0000131906,LOB,Processed,
812,XPAR_SHARES_F2_20231002.csv.zip,FR0010908533,LOB,Processed,
813,XPAR_SHARES_F2_20231002.csv.zip,FR0011981968,LOB,Processed,
814,XPAR_SHARES_F2_20231002.csv.zip,FR0014003TT8,LOB,Processed,
815,XPAR_SHARES_F2_20231002.csv.zip,NL0000226223,LOB,Processed,
816,XPAR_SHARES_F2_20231002.csv.zip,NL00150001Q9,LOB,Processed,
817,XPAR_SHARES_F2_20231002.csv.zip,FR0000073272,FO,Processed,
818,XPAR_SHARES_F2_20231002.csv.zip,FR0000120271,FO,Processed,
819,XPAR_SHARES_F2_20231002.csv.zip,FR0000120321,FO,Processed,
820,XPAR_SHARES_F2_20231002.csv.zip,FR0000120578,FO,Processed,
821,XPAR_SHARES_F2_20231002.csv.zip,FR0000120693,FO,Processed,
822,XPAR_SHARES_F2_20231002.csv.zip,FR0000121329,FO,Processed,
823,XPAR_SHARES_F2_20231002.csv.zip,FR0000121485,FO,Processed,
824,XPAR_SHARES_F2_20231002.csv.zip,FR0000121972,FO,Processed,
825,XPAR_SHARES_F2_20231002.csv.zip,FR0000124141,FO,Processed,
826,XPAR_SHARES_F2_20231002.csv.zip,FR0000125007,FO,Processed,
827,XPAR_SHARES_F2_20231002.csv.zip,FR0000125486,FO,Processed,
828,XPAR_SHARES_F2_20231002.csv.zip,FR0000130577,FO,Processed,
829,XPAR_SHARES_F2_20231002.csv.zip,FR0000130809,FO,Processed,
830,XPAR_SHARES_F2_20231002.csv.zip,FR0000131906,FO,Processed,
831,XPAR_SHARES_F2_20231002.csv.zip,FR0010908533,FO,Processed,
832,XPAR_SHARES_F2_20231002.csv.zip,FR0011981968,FO,Processed,
833,XPAR_SHARES_F2_20231002.csv.zip,FR0014003TT8,FO,Processed,
834,XPAR_SHARES_F2_20231002.csv.zip,NL0000226223,FO,Processed,
835,XPAR_SHARES_F2_20231002.csv.zip,NL00150001Q9,FO,Processed,
836,XPAR_SHARES_F1_20231031.csv.zip,FR0000045072,LOB,Processed,
837,XPAR_SHARES_F1_20231031.csv.zip,FR0000051807,LOB,Processed,
838,XPAR_SHARES_F1_20231031.csv.zip,FR0000052292,LOB,Processed,
839,XPAR_SHARES_F1_20231031.csv.zip,FR0000120073,LOB,Processed,
840,XPAR_SHARES_F1_20231031.csv.zip,FR0000120172,LOB,Processed,
841,XPAR_SHARES_F1_20231031.csv.zip,FR0000120503,LOB,Processed,
842,XPAR_SHARES_F1_20231031.csv.zip,FR0000120628,LOB,Processed,
843,XPAR_SHARES_F1_20231031.csv.zip,FR0000120644,LOB,Processed,
844,XPAR_SHARES_F1_20231031.csv.zip,FR0000121014,LOB,Processed,
845,XPAR_SHARES_F1_20231031.csv.zip,FR0000121667,LOB,Processed,
846,XPAR_SHARES_F1_20231031.csv.zip,FR0000125338,LOB,Processed,
847,XPAR_SHARES_F1_20231031.csv.zip,FR0000131104,LOB,Processed,
848,XPAR_SHARES_F1_20231031.csv.zip,FR0000133308,LOB,Processed,
849,XPAR_SHARES_F1_20231031.csv.zip,FR0010208488,LOB,Processed,
850,XPAR_SHARES_F1_20231031.csv.zip,FR0010220475,LOB,Processed,
851,XPAR_SHARES_F1_20231031.csv.zip,FR0010307819,LOB,Processed,
852,XPAR_SHARES_F1_20231031.csv.zip,FR0013326246,LOB,Processed,
853,XPAR_SHARES_F1_20231031.csv.zip,FR0014000MR3,LOB,Processed,
854,XPAR_SHARES_F1_20231031.csv.zip,FR001400AJ45,LOB,Processed,
855,XPAR_SHARES_F1_20231031.csv.zip,NL0000235190,LOB,Processed,
856,XPAR_SHARES_F1_20231031.csv.zip,FR0000045072,FO,Processed,
857,XPAR_SHARES_F1_20231031.csv.zip,FR0000051807,FO,Processed,
858,XPAR_SHARES_F1_20231031.csv.zip,FR0000052292,FO,Processed,
859,XPAR_SHARES_F1_20231031.csv.zip,FR0000120073,FO,Processed,
860,XPAR_SHARES_F1_20231031.csv.zip,FR0000120172,FO,Processed,
861,XPAR_SHARES_F1_20231031.csv.zip,FR0000120503,FO,Processed,
862,XPAR_SHARES_F1_20231031.csv.zip,FR0000120628,FO,Processed,
863,XPAR_SHARES_F1_20231031.csv.zip,FR0000120644,FO,Processed,
864,XPAR_SHARES_F1_20231031.csv.zip,FR0000121014,FO,Processed,
865,XPAR_SHARES_F1_20231031.csv.zip,FR0000121667,FO,Processed,
866,XPAR_SHARES_F1_20231031.csv.zip,FR0000125338,FO,Processed,
867,XPAR_SHARES_F1_20231031.csv.zip,FR0000131104,FO,Processed,
868,XPAR_SHARES_F1_20231031.csv.zip,FR0000133308,FO,Processed,
869,XPAR_SHARES_F1_20231031.csv.zip,FR0010208488,FO,Processed,
870,XPAR_SHARES_F1_20231031.csv.zip,FR0010220475,FO,Processed,
871,XPAR_SHARES_F1_20231031.csv.zip,FR0010307819,FO,Processed,
872,XPAR_SHARES_F1_20231031.csv.zip,FR0013326246,FO,Processed,
873,XPAR_SHARES_F1_20231031.csv.zip,FR0014000MR3,FO,Processed,
874,XPAR_SHARES_F1_20231031.csv.zip,FR001400AJ45,FO,Processed,
875,XPAR_SHARES_F1_20231031.csv.zip,NL0000235190,FO,Processed,
876,XPAR_SHARES_F1_20231030.csv.zip,FR0000045072,LOB,Processed,
877,XPAR_SHARES_F1_20231030.csv.zip,FR0000051807,LOB,Processed,
878,XPAR_SHARES_F1_20231030.csv.zip,FR0000052292,LOB,Processed,
879,XPAR_SHARES_F1_20231030.csv.zip,FR0000120073,LOB,Processed,
880,XPAR_SHARES_F1_20231030.csv.zip,FR0000120172,LOB,Processed,
881,XPAR_SHARES_F1_20231030.csv.zip,FR0000120503,LOB,Processed,
882,XPAR_SHARES_F1_20231030.csv.zip,FR0000120628,LOB,Processed,
883,XPAR_SHARES_F1_20231030.csv.zip,FR0000120644,LOB,Processed,
884,XPAR_SHARES_F1_20231030.csv.zip,FR0000121014,LOB,Processed,
885,XPAR_SHARES_F1_20231030.csv.zip,FR0000121667,LOB,Processed,
886,XPAR_SHARES_F1_20231030.csv.zip,FR0000125338,LOB,Processed,
887,XPAR_SHARES_F1_20231030.csv.zip,FR0000131104,LOB,Processed,
888,XPAR_SHARES_F1_20231030.csv.zip,FR0000133308,LOB,Processed,
889,XPAR_SHARES_F1_20231030.csv.zip,FR0010208488,LOB,Processed,
890,XPAR_SHARES_F1_20231030.csv.zip,FR0010220475,LOB,Processed,
891,XPAR_SHARES_F1_20231030.csv.zip,FR0010307819,LOB,Processed,
892,XPAR_SHARES_F1_20231030.csv.zip,FR0013326246,LOB,Processed,
893,XPAR_SHARES_F1_20231030.csv.zip,FR0014000MR3,LOB,Processed,
894,XPAR_SHARES_F1_20231030.csv.zip,FR001400AJ45,LOB,Processed,
895,XPAR_SHARES_F1_20231030.csv.zip,NL0000235190,LOB,Processed,
896,XPAR_SHARES_F1_20231030.csv.zip,FR0000045072,FO,Processed,
897,XPAR_SHARES_F1_20231030.csv.zip,FR0000051807,FO,Processed,
898,XPAR_SHARES_F1_20231030.csv.zip,FR0000052292,FO,Processed,
899,XPAR_SHARES_F1_20231030.csv.zip,FR0000120073,FO,Processed,
900,XPAR_SHARES_F1_20231030.csv.zip,FR0000120172,FO,Processed,
901,XPAR_SHARES_F1_20231030.csv.zip,FR0000120503,FO,Processed,
902,XPAR_SHARES_F1_20231030.csv.zip,FR0000120628,FO,Processed,
903,XPAR_SHARES_F1_20231030.csv.zip,FR0000120644,FO,Processed,
904,XPAR_SHARES_F1_20231030.csv.zip,FR0000121014,FO,Processed,
905,XPAR_SHARES_F1_20231030.csv.zip,FR0000121667,FO,Processed,
906,XPAR_SHARES_F1_20231030.csv.zip,FR0000125338,FO,Processed,
907,XPAR_SHARES_F1_20231030.csv.zip,FR0000131104,FO,Processed,
908,XPAR_SHARES_F1_20231030.csv.zip,FR0000133308,FO,Processed,
909,XPAR_SHARES_F1_20231030.csv.zip,FR0010208488,FO,Processed,
910,XPAR_SHARES_F1_20231030.csv.zip,FR0010220475,FO,Processed,
911,XPAR_SHARES_F1_20231030.csv.zip,FR0010307819,FO,Processed,
912,XPAR_SHARES_F1_20231030.csv.zip,FR0013326246,FO,Processed,
913,XPAR_SHARES_F1_20231030.csv.zip,FR0014000MR3,FO,Processed,
914,XPAR_SHARES_F1_20231030.csv.zip,FR001400AJ45,FO,Processed,
915,XPAR_SHARES_F1_20231030.csv.zip,NL0000235190,FO,Processed,
916,XPAR_SHARES_F1_20231027.csv.zip,FR0000045072,LOB,Processed,
917,XPAR_SHARES_F1_20231027.csv.zip,FR0000051807,LOB,Processed,
918,XPAR_SHARES_F1_20231027.csv.zip,FR0000052292,LOB,Processed,
919,XPAR_SHARES_F1_20231027.csv.zip,FR0000120073,LOB,Processed,
920,XPAR_SHARES_F1_20231027.csv.zip,FR0000120172,LOB,Processed,
921,XPAR_SHARES_F1_20231027.csv.zip,FR0000120503,LOB,Processed,
922,XPAR_SHARES_F1_20231027.csv.zip,FR0000120628,LOB,Processed,
923,XPAR_SHARES_F1_20231027.csv.zip,FR0000120644,LOB,Processed,
924,XPAR_SHARES_F1_20231027.csv.zip,FR0000121014,LOB,Processed,
925,XPAR_SHARES_F1_20231027.csv.zip,FR0000121667,LOB,Processed,
926,XPAR_SHARES_F1_20231027.csv.zip,FR0000125338,LOB,Processed,
927,XPAR_SHARES_F1_20231027.csv.zip,FR0000131104,LOB,Processed,
928,XPAR_SHARES_F1_20231027.csv.zip,FR0000133308,LOB,Processed,
929,XPAR_SHARES_F1_20231027.csv.zip,FR0010208488,LOB,Processed,
930,XPAR_SHARES_F1_20231027.csv.zip,FR0010220475,LOB,Processed,
931,XPAR_SHARES_F1_20231027.csv.zip,FR0010307819,LOB,Processed,
932,XPAR_SHARES_F1_20231027.csv.zip,FR0013326246,LOB,Processed,
933,XPAR_SHARES_F1_20231027.csv.zip,FR0014000MR3,LOB,Processed,
934,XPAR_SHARES_F1_20231027.csv.zip,FR001400AJ45,LOB,Processed,
935,XPAR_SHARES_F1_20231027.csv.zip,NL0000235190,LOB,Processed,
936,XPAR_SHARES_F1_20231027.csv.zip,FR0000045072,FO,Processed,
937,XPAR_SHARES_F1_20231027.csv.zip,FR0000051807,FO,Processed,
938,XPAR_SHARES_F1_20231027.csv.zip,FR0000052292,FO,Processed,
939,XPAR_SHARES_F1_20231027.csv.zip,FR0000120073,FO,Processed,
940,XPAR_SHARES_F1_20231027.csv.zip,FR0000120172,FO,Processed,
941,XPAR_SHARES_F1_20231027.csv.zip,FR0000120503,FO,Processed,
942,XPAR_SHARES_F1_20231027.csv.zip,FR0000120628,FO,Processed,
943,XPAR_SHARES_F1_20231027.csv.zip,FR0000120644,FO,Processed,
944,XPAR_SHARES_F1_20231027.csv.zip,FR0000121014,FO,Processed,
945,XPAR_SHARES_F1_20231027.csv.zip,FR0000121667,FO,Processed,
946,XPAR_SHARES_F1_20231027.csv.zip,FR0000125338,FO,Processed,
947,XPAR_SHARES_F1_20231027.csv.zip,FR0000131104,FO,Processed,
948,XPAR_SHARES_F1_20231027.csv.zip,FR0000133308,FO,Processed,
949,XPAR_SHARES_F1_20231027.csv.zip,FR0010208488,FO,Processed,
950,XPAR_SHARES_F1_20231027.csv.zip,FR0010220475,FO,Processed,
951,XPAR_SHARES_F1_20231027.csv.zip,FR0010307819,FO,Processed,
952,XPAR_SHARES_F1_20231027.csv.zip,FR0013326246,FO,Processed,
953,XPAR_SHARES_F1_20231027.csv.zip,FR0014000MR3,FO,Processed,
954,XPAR_SHARES_F1_20231027.csv.zip,FR001400AJ45,FO,Processed,
955,XPAR_SHARES_F1_20231027.csv.zip,NL0000235190,FO,Processed,
956,XPAR_SHARES_F1_20231026.csv.zip,FR0000045072,LOB,Processed,
957,XPAR_SHARES_F1_20231026.csv.zip,FR0000051807,LOB,Processed,
958,XPAR_SHARES_F1_20231026.csv.zip,FR0000052292,LOB,Processed,
959,XPAR_SHARES_F1_20231026.csv.zip,FR0000120073,LOB,Processed,
960,XPAR_SHARES_F1_20231026.csv.zip,FR0000120172,LOB,Processed,
961,XPAR_SHARES_F1_20231026.csv.zip,FR0000120503,LOB,Processed,
962,XPAR_SHARES_F1_20231026.csv.zip,FR0000120628,LOB,Processed,
963,XPAR_SHARES_F1_20231026.csv.zip,FR0000120644,LOB,Processed,
964,XPAR_SHARES_F1_20231026.csv.zip,FR0000121014,LOB,Processed,
965,XPAR_SHARES_F1_20231026.csv.zip,FR0000121667,LOB,Processed,
966,XPAR_SHARES_F1_20231026.csv.zip,FR0000125338,LOB,Processed,
967,XPAR_SHARES_F1_20231026.csv.zip,FR0000131104,LOB,Processed,
968,XPAR_SHARES_F1_20231026.csv.zip,FR0000133308,LOB,Processed,
969,XPAR_SHARES_F1_20231026.csv.zip,FR0010208488,LOB,Processed,
970,XPAR_SHARES_F1_20231026.csv.zip,FR0010220475,LOB,Processed,
971,XPAR_SHARES_F1_20231026.csv.zip,FR0010307819,LOB,Processed,
972,XPAR_SHARES_F1_20231026.csv.zip,FR0013326246,LOB,Processed,
973,XPAR_SHARES_F1_20231026.csv.zip,FR0014000MR3,LOB,Processed,
974,XPAR_SHARES_F1_20231026.csv.zip,FR001400AJ45,LOB,Processed,
975,XPAR_SHARES_F1_20231026.csv.zip,NL0000235190,LOB,Processed,
976,XPAR_SHARES_F1_20231026.csv.zip,FR0000045072,FO,Processed,
977,XPAR_SHARES_F1_20231026.csv.zip,FR0000051807,FO,Processed,
978,XPAR_SHARES_F1_20231026.csv.zip,FR0000052292,FO,Processed,
979,XPAR_SHARES_F1_20231026.csv.zip,FR0000120073,FO,Processed,
980,XPAR_SHARES_F1_20231026.csv.zip,FR0000120172,FO,Processed,
981,XPAR_SHARES_F1_20231026.csv.zip,FR0000120503,FO,Processed,
982,XPAR_SHARES_F1_20231026.csv.zip,FR0000120628,FO,Processed,
983,XPAR_SHARES_F1_20231026.csv.zip,FR0000120644,FO,Processed,
984,XPAR_SHARES_F1_20231026.csv.zip,FR0000121014,FO,Processed,
985,XPAR_SHARES_F1_20231026.csv.zip,FR0000121667,FO,Processed,
986,XPAR_SHARES_F1_20231026.csv.zip,FR0000125338,FO,Processed,
987,XPAR_SHARES_F1_20231026.csv.zip,FR0000131104,FO,Processed,
988,XPAR_SHARES_F1_20231026.csv.zip,FR0000133308,FO,Processed,
989,XPAR_SHARES_F1_20231026.csv.zip,FR0010208488,FO,Processed,
990,XPAR_SHARES_F1_20231026.csv.zip,FR0010220475,FO,Processed,
991,XPAR_SHARES_F1_20231026.csv.zip,FR0010307819,FO,Processed,
992,XPAR_SHARES_F1_20231026.csv.zip,FR0013326246,FO,Processed,
993,XPAR_SHARES_F1_20231026.csv.zip,FR0014000MR3,FO,Processed,
994,XPAR_SHARES_F1_20231026.csv.zip,FR001400AJ45,FO,Processed,
995,XPAR_SHARES_F1_20231026.csv.zip,NL0000235190,FO,Processed,
996,XPAR_SHARES_F1_20231025.csv.zip,FR0000045072,LOB,Processed,
997,XPAR_SHARES_F1_20231025.csv.zip,FR0000051807,LOB,Processed,
998,XPAR_SHARES_F1_20231025.csv.zip,FR0000052292,LOB,Processed,
999,XPAR_SHARES_F1_20231025.csv.zip,FR0000120073,LOB,Processed,
1000,XPAR_SHARES_F1_20231025.csv.zip,FR0000120172,LOB,Processed,
1001,XPAR_SHARES_F1_20231025.csv.zip,FR0000120503,LOB,Processed,
1002,XPAR_SHARES_F1_20231025.csv.zip,FR0000120628,LOB,Processed,
1003,XPAR_SHARES_F1_20231025.csv.zip,FR0000120644,LOB,Processed,
1004,XPAR_SHARES_F1_20231025.csv.zip,FR0000121014,LOB,Processed,
1005,XPAR_SHARES_F1_20231025.csv.zip,FR0000121667,LOB,Processed,
1006,XPAR_SHARES_F1_20231025.csv.zip,FR0000125338,LOB,Processed,
1007,XPAR_SHARES_F1_20231025.csv.zip,FR0000131104,LOB,Processed,
1008,XPAR_SHARES_F1_20231025.csv.zip,FR0000133308,LOB,Processed,
1009,XPAR_SHARES_F1_20231025.csv.zip,FR0010208488,LOB,Processed,
1010,XPAR_SHARES_F1_20231025.csv.zip,FR0010220475,LOB,Processed,
1011,XPAR_SHARES_F1_20231025.csv.zip,FR0010307819,LOB,Processed,
1012,XPAR_SHARES_F1_20231025.csv.zip,FR0013326246,LOB,Processed,
1013,XPAR_SHARES_F1_20231025.csv.zip,FR0014000MR3,LOB,Processed,
1014,XPAR_SHARES_F1_20231025.csv.zip,FR001400AJ45,LOB,Processed,
1015,XPAR_SHARES_F1_20231025.csv.zip,NL0000235190,LOB,Processed,
1016,XPAR_SHARES_F1_20231025.csv.zip,FR0000045072,FO,Processed,
1017,XPAR_SHARES_F1_20231025.csv.zip,FR0000051807,FO,Processed,
1018,XPAR_SHARES_F1_20231025.csv.zip,FR0000052292,FO,Processed,
1019,XPAR_SHARES_F1_20231025.csv.zip,FR0000120073,FO,Processed,
1020,XPAR_SHARES_F1_20231025.csv.zip,FR0000120172,FO,Processed,
1021,XPAR_SHARES_F1_20231025.csv.zip,FR0000120503,FO,Processed,
1022,XPAR_SHARES_F1_20231025.csv.zip,FR0000120628,FO,Processed,
1023,XPAR_SHARES_F1_20231025.csv.zip,FR0000120644,FO,Processed,
1024,XPAR_SHARES_F1_20231025.csv.zip,FR0000121014,FO,Processed,
1025,XPAR_SHARES_F1_20231025.csv.zip,FR0000121667,FO,Processed,
1026,XPAR_SHARES_F1_20231025.csv.zip,FR0000125338,FO,Processed,
1027,XPAR_SHARES_F1_20231025.csv.zip,FR0000131104,FO,Processed,
1028,XPAR_SHARES_F1_20231025.csv.zip,FR0000133308,FO,Processed,
1029,XPAR_SHARES_F1_20231025.csv.zip,FR0010208488,FO,Processed,
1030,XPAR_SHARES_F1_20231025.csv.zip,FR0010220475,FO,Processed,
1031,XPAR_SHARES_F1_20231025.csv.zip,FR0010307819,FO,Processed,
1032,XPAR_SHARES_F1_20231025.csv.zip,FR0013326246,FO,Processed,
1033,XPAR_SHARES_F1_20231025.csv.zip,FR0014000MR3,FO,Processed,
1034,XPAR_SHARES_F1_20231025.csv.zip,FR001400AJ45,FO,Processed,
1035,XPAR_SHARES_F1_20231025.csv.zip,NL0000235190,FO,Processed,
1036,XPAR_SHARES_F1_20231024.csv.zip,FR0000045072,LOB,Processed,
1037,XPAR_SHARES_F1_20231024.csv.zip,FR0000051807,LOB,Processed,
1038,XPAR_SHARES_F1_20231024.csv.zip,FR0000052292,LOB,Processed,
1039,XPAR_SHARES_F1_20231024.csv.zip,FR0000120073,LOB,Processed,
1040,XPAR_SHARES_F1_20231024.csv.zip,FR0000120172,LOB,Processed,
1041,XPAR_SHARES_F1_20231024.csv.zip,FR0000120503,LOB,Processed,
1042,XPAR_SHARES_F1_20231024.csv.zip,FR0000120628,LOB,Processed,
1043,XPAR_SHARES_F1_20231024.csv.zip,FR0000120644,LOB,Processed,
1044,XPAR_SHARES_F1_20231024.csv.zip,FR0000121014,LOB,Processed,
1045,XPAR_SHARES_F1_20231024.csv.zip,FR0000121667,LOB,Processed,
1046,XPAR_SHARES_F1_20231024.csv.zip,FR0000125338,LOB,Processed,
1047,XPAR_SHARES_F1_20231024.csv.zip,FR0000131104,LOB,Processed,
1048,XPAR_SHARES_F1_20231024.csv.zip,FR0000133308,LOB,Processed,
1049,XPAR_SHARES_F1_20231024.csv.zip,FR0010208488,LOB,Processed,
1050,XPAR_SHARES_F1_20231024.csv.zip,FR0010220475,LOB,Processed,
1051,XPAR_SHARES_F1_20231024.csv.zip,FR0010307819,LOB,Processed,
1052,XPAR_SHARES_F1_20231024.csv.zip,FR0013326246,LOB,Processed,
1053,XPAR_SHARES_F1_20231024.csv.zip,FR0014000MR3,LOB,Processed,
1054,XPAR_SHARES_F1_20231024.csv.zip,FR001400AJ45,LOB,Processed,
1055,XPAR_SHARES_F1_20231024.csv.zip,NL0000235190,LOB,Processed,
1056,XPAR_SHARES_F1_20231024.csv.zip,FR0000045072,FO,Processed,
1057,XPAR_SHARES_F1_20231024.csv.zip,FR0000051807,FO,Processed,
1058,XPAR_SHARES_F1_20231024.csv.zip,FR0000052292,FO,Processed,
1059,XPAR_SHARES_F1_20231024.csv.zip,FR0000120073,FO,Processed,
1060,XPAR_SHARES_F1_20231024.csv.zip,FR0000120172,FO,Processed,
1061,XPAR_SHARES_F1_20231024.csv.zip,FR0000120503,FO,Processed,
1062,XPAR_SHARES_F1_20231024.csv.zip,FR0000120628,FO,Processed,
1063,XPAR_SHARES_F1_20231024.csv.zip,FR0000120644,FO,Processed,
1064,XPAR_SHARES_F1_20231024.csv.zip,FR0000121014,FO,Processed,
1065,XPAR_SHARES_F1_20231024.csv.zip,FR0000121667,FO,Processed,
1066,XPAR_SHARES_F1_20231024.csv.zip,FR0000125338,FO,Processed,
1067,XPAR_SHARES_F1_20231024.csv.zip,FR0000131104,FO,Processed,
1068,XPAR_SHARES_F1_20231024.csv.zip,FR0000133308,FO,Processed,
1069,XPAR_SHARES_F1_20231024.csv.zip,FR0010208488,FO,Processed,
1070,XPAR_SHARES_F1_20231024.csv.zip,FR0010220475,FO,Processed,
1071,XPAR_SHARES_F1_20231024.csv.zip,FR0010307819,FO,Processed,
1072,XPAR_SHARES_F1_20231024.csv.zip,FR0013326246,FO,Processed,
1073,XPAR_SHARES_F1_20231024.csv.zip,FR0014000MR3,FO,Processed,
1074,XPAR_SHARES_F1_20231024.csv.zip,FR001400AJ45,FO,Processed,
1075,XPAR_SHARES_F1_20231024.csv.zip,NL0000235190,FO,Processed,
1076,XPAR_SHARES_F1_20231023.csv.zip,FR0000045072,LOB,Processed,
1077,XPAR_SHARES_F1_20231023.csv.zip,FR0000051807,LOB,Processed,
1078,XPAR_SHARES_F1_20231023.csv.zip,FR0000052292,LOB,Processed,
1079,XPAR_SHARES_F1_20231023.csv.zip,FR0000120073,LOB,Processed,
1080,XPAR_SHARES_F1_20231023.csv.zip,FR0000120172,LOB,Processed,
1081,XPAR_SHARES_F1_20231023.csv.zip,FR0000120503,LOB,Processed,
1082,XPAR_SHARES_F1_20231023.csv.zip,FR0000120628,LOB,Processed,
1083,XPAR_SHARES_F1_20231023.csv.zip,FR0000120644,LOB,Processed,
1084,XPAR_SHARES_F1_20231023.csv.zip,FR0000121014,LOB,Processed,
1085,XPAR_SHARES_F1_20231023.csv.zip,FR0000121667,LOB,Processed,
1086,XPAR_SHARES_F1_20231023.csv.zip,FR0000125338,LOB,Processed,
1087,XPAR_SHARES_F1_20231023.csv.zip,FR0000131104,LOB,Processed,
1088,XPAR_SHARES_F1_20231023.csv.zip,FR0000133308,LOB,Processed,
1089,XPAR_SHARES_F1_20231023.csv.zip,FR0010208488,LOB,Processed,
1090,XPAR_SHARES_F1_20231023.csv.zip,FR0010220475,LOB,Processed,
1091,XPAR_SHARES_F1_20231023.csv.zip,FR0010307819,LOB,Processed,
1092,XPAR_SHARES_F1_20231023.csv.zip,FR0013326246,LOB,Processed,
1093,XPAR_SHARES_F1_20231023.csv.zip,FR0014000MR3,LOB,Processed,
1094,XPAR_SHARES_F1_20231023.csv.zip,FR001400AJ45,LOB,Processed,
1095,XPAR_SHARES_F1_20231023.csv.zip,NL0000235190,LOB,Processed,
1096,XPAR_SHARES_F1_20231023.csv.zip,FR0000045072,FO,Processed,
1097,XPAR_SHARES_F1_20231023.csv.zip,FR0000051807,FO,Processed,
1098,XPAR_SHARES_F1_20231023.csv.zip,FR0000052292,FO,Processed,
1099,XPAR_SHARES_F1_20231023.csv.zip,FR0000120073,FO,Processed,
1100,XPAR_SHARES_F1_20231023.csv.zip,FR0000120172,FO,Processed,
1101,XPAR_SHARES_F1_20231023.csv.zip,FR0000120503,FO,Processed,
1102,XPAR_SHARES_F1_20231023.csv.zip,FR0000120628,FO,Processed,
1103,XPAR_SHARES_F1_20231023.csv.zip,FR0000120644,FO,Processed,
1104,XPAR_SHARES_F1_20231023.csv.zip,FR0000121014,FO,Processed,
1105,XPAR_SHARES_F1_20231023.csv.zip,FR0000121667,FO,Processed,
1106,XPAR_SHARES_F1_20231023.csv.zip,FR0000125338,FO,Processed,
1107,XPAR_SHARES_F1_20231023.csv.zip,FR0000131104,FO,Processed,
1108,XPAR_SHARES_F1_20231023.csv.zip,FR0000133308,FO,Processed,
1109,XPAR_SHARES_F1_20231023.csv.zip,FR0010208488,FO,Processed,
1110,XPAR_SHARES_F1_20231023.csv.zip,FR0010220475,FO,Processed,
1111,XPAR_SHARES_F1_20231023.csv.zip,FR0010307819,FO,Processed,
1112,XPAR_SHARES_F1_20231023.csv.zip,FR0013326246,FO,Processed,
1113,XPAR_SHARES_F1_20231023.csv.zip,FR0014000MR3,FO,Processed,
1114,XPAR_SHARES_F1_20231023.csv.zip,FR001400AJ45,FO,Processed,
1115,XPAR_SHARES_F1_20231023.csv.zip,NL0000235190,FO,Processed,
1116,XPAR_SHARES_F1_20231020.csv.zip,FR0000045072,LOB,Processed,
1117,XPAR_SHARES_F1_20231020.csv.zip,FR0000051807,LOB,Processed,
1118,XPAR_SHARES_F1_20231020.csv.zip,FR0000052292,LOB,Processed,
1119,XPAR_SHARES_F1_20231020.csv.zip,FR0000120073,LOB,Processed,
1120,XPAR_SHARES_F1_20231020.csv.zip,FR0000120172,LOB,Processed,
1121,XPAR_SHARES_F1_20231020.csv.zip,FR0000120503,LOB,Processed,
1122,XPAR_SHARES_F1_20231020.csv.zip,FR0000120628,LOB,Processed,
1123,XPAR_SHARES_F1_20231020.csv.zip,FR0000120644,LOB,Processed,
1124,XPAR_SHARES_F1_20231020.csv.zip,FR0000121014,LOB,Processed,
1125,XPAR_SHARES_F1_20231020.csv.zip,FR0000121667,LOB,Processed,
1126,XPAR_SHARES_F1_20231020.csv.zip,FR0000125338,LOB,Processed,
1127,XPAR_SHARES_F1_20231020.csv.zip,FR0000131104,LOB,Processed,
1128,XPAR_SHARES_F1_20231020.csv.zip,FR0000133308,LOB,Processed,
1129,XPAR_SHARES_F1_20231020.csv.zip,FR0010208488,LOB,Processed,
1130,XPAR_SHARES_F1_20231020.csv.zip,FR0010220475,LOB,Processed,
1131,XPAR_SHARES_F1_20231020.csv.zip,FR0010307819,LOB,Processed,
1132,XPAR_SHARES_F1_20231020.csv.zip,FR0013326246,LOB,Processed,
1133,XPAR_SHARES_F1_20231020.csv.zip,FR0014000MR3,LOB,Processed,
1134,XPAR_SHARES_F1_20231020.csv.zip,FR001400AJ45,LOB,Processed,
1135,XPAR_SHARES_F1_20231020.csv.zip,NL0000235190,LOB,Processed,
1136,XPAR_SHARES_F1_20231020.csv.zip,FR0000045072,FO,Processed,
1137,XPAR_SHARES_F1_20231020.csv.zip,FR0000051807,FO,Processed,
1138,XPAR_SHARES_F1_20231020.csv.zip,FR0000052292,FO,Processed,
1139,XPAR_SHARES_F1_20231020.csv.zip,FR0000120073,FO,Processed,
1140,XPAR_SHARES_F1_20231020.csv.zip,FR0000120172,FO,Processed,
1141,XPAR_SHARES_F1_20231020.csv.zip,FR0000120503,FO,Processed,
1142,XPAR_SHARES_F1_20231020.csv.zip,FR0000120628,FO,Processed,
1143,XPAR_SHARES_F1_20231020.csv.zip,FR0000120644,FO,Processed,
1144,XPAR_SHARES_F1_20231020.csv.zip,FR0000121014,FO,Processed,
1145,XPAR_SHARES_F1_20231020.csv.zip,FR0000121667,FO,Processed,
1146,XPAR_SHARES_F1_20231020.csv.zip,FR0000125338,FO,Processed,
1147,XPAR_SHARES_F1_20231020.csv.zip,FR0000131104,FO,Processed,
1148,XPAR_SHARES_F1_20231020.csv.zip,FR0000133308,FO,Processed,
1149,XPAR_SHARES_F1_20231020.csv.zip,FR0010208488,FO,Processed,
1150,XPAR_SHARES_F1_20231020.csv.zip,FR0010220475,FO,Processed,
1151,XPAR_SHARES_F1_20231020.csv.zip,FR0010307819,FO,Processed,
1152,XPAR_SHARES_F1_20231020.csv.zip,FR0013326246,FO,Processed,
1153,XPAR_SHARES_F1_20231020.csv.zip,FR0014000MR3,FO,Processed,
1154,XPAR_SHARES_F1_20231020.csv.zip,FR001400AJ45,FO,Processed,
1155,XPAR_SHARES_F1_20231020.csv.zip,NL0000235190,FO,Processed,
1156,XPAR_SHARES_F1_20231019.csv.zip,FR0000045072,LOB,Processed,
1157,XPAR_SHARES_F1_20231019.csv.zip,FR0000051807,LOB,Processed,
1158,XPAR_SHARES_F1_20231019.csv.zip,FR0000052292,LOB,Processed,
1159,XPAR_SHARES_F1_20231019.csv.zip,FR0000120073,LOB,Processed,
1160,XPAR_SHARES_F1_20231019.csv.zip,FR0000120172,LOB,Processed,
1161,XPAR_SHARES_F1_20231019.csv.zip,FR0000120503,LOB,Processed,
1162,XPAR_SHARES_F1_20231019.csv.zip,FR0000120628,LOB,Processed,
1163,XPAR_SHARES_F1_20231019.csv.zip,FR0000120644,LOB,Processed,
1164,XPAR_SHARES_F1_20231019.csv.zip,FR0000121014,LOB,Processed,
1165,XPAR_SHARES_F1_20231019.csv.zip,FR0000121667,LOB,Processed,
1166,XPAR_SHARES_F1_20231019.csv.zip,FR0000125338,LOB,Processed,
1167,XPAR_SHARES_F1_20231019.csv.zip,FR0000131104,LOB,Processed,
1168,XPAR_SHARES_F1_20231019.csv.zip,FR0000133308,LOB,Processed,
1169,XPAR_SHARES_F1_20231019.csv.zip,FR0010208488,LOB,Processed,
1170,XPAR_SHARES_F1_20231019.csv.zip,FR0010220475,LOB,Processed,
1171,XPAR_SHARES_F1_20231019.csv.zip,FR0010307819,LOB,Processed,
1172,XPAR_SHARES_F1_20231019.csv.zip,FR0013326246,LOB,Processed,
1173,XPAR_SHARES_F1_20231019.csv.zip,FR0014000MR3,LOB,Processed,
1174,XPAR_SHARES_F1_20231019.csv.zip,FR001400AJ45,LOB,Processed,
1175,XPAR_SHARES_F1_20231019.csv.zip,NL0000235190,LOB,Processed,
1176,XPAR_SHARES_F1_20231019.csv.zip,FR0000045072,FO,Processed,
1177,XPAR_SHARES_F1_20231019.csv.zip,FR0000051807,FO,Processed,
1178,XPAR_SHARES_F1_20231019.csv.zip,FR0000052292,FO,Processed,
1179,XPAR_SHARES_F1_20231019.csv.zip,FR0000120073,FO,Processed,
1180,XPAR_SHARES_F1_20231019.csv.zip,FR0000120172,FO,Processed,
1181,XPAR_SHARES_F1_20231019.csv.zip,FR0000120503,FO,Processed,
1182,XPAR_SHARES_F1_20231019.csv.zip,FR0000120628,FO,Processed,
1183,XPAR_SHARES_F1_20231019.csv.zip,FR0000120644,FO,Processed,
1184,XPAR_SHARES_F1_20231019.csv.zip,FR0000121014,FO,Processed,
1185,XPAR_SHARES_F1_20231019.csv.zip,FR0000121667,FO,Processed,
1186,XPAR_SHARES_F1_20231019.csv.zip,FR0000125338,FO,Processed,
1187,XPAR_SHARES_F1_20231019.csv.zip,FR0000131104,FO,Processed,
1188,XPAR_SHARES_F1_20231019.csv.zip,FR0000133308,FO,Processed,
1189,XPAR_SHARES_F1_20231019.csv.zip,FR0010208488,FO,Processed,
1190,XPAR_SHARES_F1_20231019.csv.zip,FR0010220475,FO,Processed,
1191,XPAR_SHARES_F1_20231019.csv.zip,FR0010307819,FO,Processed,
1192,XPAR_SHARES_F1_20231019.csv.zip,FR0013326246,FO,Processed,
1193,XPAR_SHARES_F1_20231019.csv.zip,FR0014000MR3,FO,Processed,
1194,XPAR_SHARES_F1_20231019.csv.zip,FR001400AJ45,FO,Processed,
1195,XPAR_SHARES_F1_20231019.csv.zip,NL0000235190,FO,Processed,
1196,XPAR_SHARES_F1_20231018.csv.zip,FR0000045072,LOB,Processed,
1197,XPAR_SHARES_F1_20231018.csv.zip,FR0000051807,LOB,Processed,
1198,XPAR_SHARES_F1_20231018.csv.zip,FR0000052292,LOB,Processed,
1199,XPAR_SHARES_F1_20231018.csv.zip,FR0000120073,LOB,Processed,
1200,XPAR_SHARES_F1_20231018.csv.zip,FR0000120172,LOB,Processed,
1201,XPAR_SHARES_F1_20231018.csv.zip,FR0000120503,LOB,Processed,
1202,XPAR_SHARES_F1_20231018.csv.zip,FR0000120628,LOB,Processed,
1203,XPAR_SHARES_F1_20231018.csv.zip,FR0000120644,LOB,Processed,
1204,XPAR_SHARES_F1_20231018.csv.zip,FR0000121014,LOB,Processed,
1205,XPAR_SHARES_F1_20231018.csv.zip,FR0000121667,LOB,Processed,
1206,XPAR_SHARES_F1_20231018.csv.zip,FR0000125338,LOB,Processed,
1207,XPAR_SHARES_F1_20231018.csv.zip,FR0000131104,LOB,Processed,
1208,XPAR_SHARES_F1_20231018.csv.zip,FR0000133308,LOB,Processed,
1209,XPAR_SHARES_F1_20231018.csv.zip,FR0010208488,LOB,Processed,
1210,XPAR_SHARES_F1_20231018.csv.zip,FR0010220475,LOB,Processed,
1211,XPAR_SHARES_F1_20231018.csv.zip,FR0010307819,LOB,Processed,
1212,XPAR_SHARES_F1_20231018.csv.zip,FR0013326246,LOB,Processed,
1213,XPAR_SHARES_F1_20231018.csv.zip,FR0014000MR3,LOB,Processed,
1214,XPAR_SHARES_F1_20231018.csv.zip,FR001400AJ45,LOB,Processed,
1215,XPAR_SHARES_F1_20231018.csv.zip,NL0000235190,LOB,Processed,
1216,XPAR_SHARES_F1_20231018.csv.zip,FR0000045072,FO,Processed,
1217,XPAR_SHARES_F1_20231018.csv.zip,FR0000051807,FO,Processed,
1218,XPAR_SHARES_F1_20231018.csv.zip,FR0000052292,FO,Processed,
1219,XPAR_SHARES_F1_20231018.csv.zip,FR0000120073,FO,Processed,
1220,XPAR_SHARES_F1_20231018.csv.zip,FR0000120172,FO,Processed,
1221,XPAR_SHARES_F1_20231018.csv.zip,FR0000120503,FO,Processed,
1222,XPAR_SHARES_F1_20231018.csv.zip,FR0000120628,FO,Processed,
1223,XPAR_SHARES_F1_20231018.csv.zip,FR0000120644,FO,Processed,
1224,XPAR_SHARES_F1_20231018.csv.zip,FR0000121014,FO,Processed,
1225,XPAR_SHARES_F1_20231018.csv.zip,FR0000121667,FO,Processed,
1226,XPAR_SHARES_F1_20231018.csv.zip,FR0000125338,FO,Processed,
1227,XPAR_SHARES_F1_20231018.csv.zip,FR0000131104,FO,Processed,
1228,XPAR_SHARES_F1_20231018.csv.zip,FR0000133308,FO,Processed,
1229,XPAR_SHARES_F1_20231018.csv.zip,FR0010208488,FO,Processed,
1230,XPAR_SHARES_F1_20231018.csv.zip,FR0010220475,FO,Processed,
1231,XPAR_SHARES_F1_20231018.csv.zip,FR0010307819,FO,Processed,
1232,XPAR_SHARES_F1_20231018.csv.zip,FR0013326246,FO,Processed,
1233,XPAR_SHARES_F1_20231018.csv.zip,FR0014000MR3,FO,Processed,
1234,XPAR_SHARES_F1_20231018.csv.zip,FR001400AJ45,FO,Processed,
1235,XPAR_SHARES_F1_20231018.csv.zip,NL0000235190,FO,Processed,
1236,XPAR_SHARES_F1_20231017.csv.zip,FR0000045072,LOB,Processed,
1237,XPAR_SHARES_F1_20231017.csv.zip,FR0000051807,LOB,Processed,
1238,XPAR_SHARES_F1_20231017.csv.zip,FR0000052292,LOB,Processed,
1239,XPAR_SHARES_F1_20231017.csv.zip,FR0000120073,LOB,Processed,
1240,XPAR_SHARES_F1_20231017.csv.zip,FR0000120172,LOB,Processed,
1241,XPAR_SHARES_F1_20231017.csv.zip,FR0000120503,LOB,Processed,
1242,XPAR_SHARES_F1_20231017.csv.zip,FR0000120628,LOB,Processed,
1243,XPAR_SHARES_F1_20231017.csv.zip,FR0000120644,LOB,Processed,
1244,XPAR_SHARES_F1_20231017.csv.zip,FR0000121014,LOB,Processed,
1245,XPAR_SHARES_F1_20231017.csv.zip,FR0000121667,LOB,Processed,
1246,XPAR_SHARES_F1_20231017.csv.zip,FR0000125338,LOB,Processed,
1247,XPAR_SHARES_F1_20231017.csv.zip,FR0000131104,LOB,Processed,
1248,XPAR_SHARES_F1_20231017.csv.zip,FR0000133308,LOB,Processed,
1249,XPAR_SHARES_F1_20231017.csv.zip,FR0010208488,LOB,Processed,
1250,XPAR_SHARES_F1_20231017.csv.zip,FR0010220475,LOB,Processed,
1251,XPAR_SHARES_F1_20231017.csv.zip,FR0010307819,LOB,Processed,
1252,XPAR_SHARES_F1_20231017.csv.zip,FR0013326246,LOB,Processed,
1253,XPAR_SHARES_F1_20231017.csv.zip,FR0014000MR3,LOB,Processed,
1254,XPAR_SHARES_F1_20231017.csv.zip,FR001400AJ45,LOB,Processed,
1255,XPAR_SHARES_F1_20231017.csv.zip,NL0000235190,LOB,Processed,
1256,XPAR_SHARES_F1_20231017.csv.zip,FR0000045072,FO,Processed,
1257,XPAR_SHARES_F1_20231017.csv.zip,FR0000051807,FO,Processed,
1258,XPAR_SHARES_F1_20231017.csv.zip,FR0000052292,FO,Processed,
1259,XPAR_SHARES_F1_20231017.csv.zip,FR0000120073,FO,Processed,
1260,XPAR_SHARES_F1_20231017.csv.zip,FR0000120172,FO,Processed,
1261,XPAR_SHARES_F1_20231017.csv.zip,FR0000120503,FO,Processed,
1262,XPAR_SHARES_F1_20231017.csv.zip,FR0000120628,FO,Processed,
1263,XPAR_SHARES_F1_20231017.csv.zip,FR0000120644,FO,Processed,
1264,XPAR_SHARES_F1_20231017.csv.zip,FR0000121014,FO,Processed,
1265,XPAR_SHARES_F1_20231017.csv.zip,FR0000121667,FO,Processed,
1266,XPAR_SHARES_F1_20231017.csv.zip,FR0000125338,FO,Processed,
1267,XPAR_SHARES_F1_20231017.csv.zip,FR0000131104,FO,Processed,
1268,XPAR_SHARES_F1_20231017.csv.zip,FR0000133308,FO,Processed,
1269,XPAR_SHARES_F1_20231017.csv.zip,FR0010208488,FO,Processed,
1270,XPAR_SHARES_F1_20231017.csv.zip,FR0010220475,FO,Processed,
1271,XPAR_SHARES_F1_20231017.csv.zip,FR0010307819,FO,Processed,
1272,XPAR_SHARES_F1_20231017.csv.zip,FR0013326246,FO,Processed,
1273,XPAR_SHARES_F1_20231017.csv.zip,FR0014000MR3,FO,Processed,
1274,XPAR_SHARES_F1_20231017.csv.zip,FR001400AJ45,FO,Processed,
1275,XPAR_SHARES_F1_20231017.csv.zip,NL0000235190,FO,Processed,
1276,XPAR_SHARES_F1_20231016.csv.zip,FR0000045072,LOB,Processed,
1277,XPAR_SHARES_F1_20231016.csv.zip,FR0000051807,LOB,Processed,
1278,XPAR_SHARES_F1_20231016.csv.zip,FR0000052292,LOB,Processed,
1279,XPAR_SHARES_F1_20231016.csv.zip,FR0000120073,LOB,Processed,
1280,XPAR_SHARES_F1_20231016.csv.zip,FR0000120172,LOB,Processed,
1281,XPAR_SHARES_F1_20231016.csv.zip,FR0000120503,LOB,Processed,
1282,XPAR_SHARES_F1_20231016.csv.zip,FR0000120628,LOB,Processed,
1283,XPAR_SHARES_F1_20231016.csv.zip,FR0000120644,LOB,Processed,
1284,XPAR_SHARES_F1_20231016.csv.zip,FR0000121014,LOB,Processed,
1285,XPAR_SHARES_F1_20231016.csv.zip,FR0000121667,LOB,Processed,
1286,XPAR_SHARES_F1_20231016.csv.zip,FR0000125338,LOB,Processed,
1287,XPAR_SHARES_F1_20231016.csv.zip,FR0000131104,LOB,Processed,
1288,XPAR_SHARES_F1_20231016.csv.zip,FR0000133308,LOB,Processed,
1289,XPAR_SHARES_F1_20231016.csv.zip,FR0010208488,LOB,Processed,
1290,XPAR_SHARES_F1_20231016.csv.zip,FR0010220475,LOB,Processed,
1291,XPAR_SHARES_F1_20231016.csv.zip,FR0010307819,LOB,Processed,
1292,XPAR_SHARES_F1_20231016.csv.zip,FR0013326246,LOB,Processed,
1293,XPAR_SHARES_F1_20231016.csv.zip,FR0014000MR3,LOB,Processed,
1294,XPAR_SHARES_F1_20231016.csv.zip,FR001400AJ45,LOB,Processed,
1295,XPAR_SHARES_F1_20231016.csv.zip,NL0000235190,LOB,Processed,
1296,XPAR_SHARES_F1_20231016.csv.zip,FR0000045072,FO,Processed,
1297,XPAR_SHARES_F1_20231016.csv.zip,FR0000051807,FO,Processed,
1298,XPAR_SHARES_F1_20231016.csv.zip,FR0000052292,FO,Processed,
1299,XPAR_SHARES_F1_20231016.csv.zip,FR0000120073,FO,Processed,
1300,XPAR_SHARES_F1_20231016.csv.zip,FR0000120172,FO,Processed,
1301,XPAR_SHARES_F1_20231016.csv.zip,FR0000120503,FO,Processed,
1302,XPAR_SHARES_F1_20231016.csv.zip,FR0000120628,FO,Processed,
1303,XPAR_SHARES_F1_20231016.csv.zip,FR0000120644,FO,Processed,
1304,XPAR_SHARES_F1_20231016.csv.zip,FR0000121014,FO,Processed,
1305,XPAR_SHARES_F1_20231016.csv.zip,FR0000121667,FO,Processed,
1306,XPAR_SHARES_F1_20231016.csv.zip,FR0000125338,FO,Processed,
1307,XPAR_SHARES_F1_20231016.csv.zip,FR0000131104,FO,Processed,
1308,XPAR_SHARES_F1_20231016.csv.zip,FR0000133308,FO,Processed,
1309,XPAR_SHARES_F1_20231016.csv.zip,FR0010208488,FO,Processed,
1310,XPAR_SHARES_F1_20231016.csv.zip,FR0010220475,FO,Processed,
1311,XPAR_SHARES_F1_20231016.csv.zip,FR0010307819,FO,Processed,
1312,XPAR_SHARES_F1_20231016.csv.zip,FR0013326246,FO,Processed,
1313,XPAR_SHARES_F1_20231016.csv.zip,FR0014000MR3,FO,Processed,
1314,XPAR_SHARES_F1_20231016.csv.zip,FR001400AJ45,FO,Processed,
1315,XPAR_SHARES_F1_20231016.csv.zip,NL0000235190,FO,Processed,
1316,XPAR_SHARES_F1_20231013.csv.zip,FR0000045072,LOB,Processed,
1317,XPAR_SHARES_F1_20231013.csv.zip,FR0000051807,LOB,Processed,
1318,XPAR_SHARES_F1_20231013.csv.zip,FR0000052292,LOB,Processed,
1319,XPAR_SHARES_F1_20231013.csv.zip,FR0000120073,LOB,Processed,
1320,XPAR_SHARES_F1_20231013.csv.zip,FR0000120172,LOB,Processed,
1321,XPAR_SHARES_F1_20231013.csv.zip,FR0000120503,LOB,Processed,
1322,XPAR_SHARES_F1_20231013.csv.zip,FR0000120628,LOB,Processed,
1323,XPAR_SHARES_F1_20231013.csv.zip,FR0000120644,LOB,Processed,
1324,XPAR_SHARES_F1_20231013.csv.zip,FR0000121014,LOB,Processed,
1325,XPAR_SHARES_F1_20231013.csv.zip,FR0000121667,LOB,Processed,
1326,XPAR_SHARES_F1_20231013.csv.zip,FR0000125338,LOB,Processed,
1327,XPAR_SHARES_F1_20231013.csv.zip,FR0000131104,LOB,Processed,
1328,XPAR_SHARES_F1_20231013.csv.zip,FR0000133308,LOB,Processed,
1329,XPAR_SHARES_F1_20231013.csv.zip,FR0010208488,LOB,Processed,
1330,XPAR_SHARES_F1_20231013.csv.zip,FR0010220475,LOB,Processed,
1331,XPAR_SHARES_F1_20231013.csv.zip,FR0010307819,LOB,Processed,
1332,XPAR_SHARES_F1_20231013.csv.zip,FR0013326246,LOB,Processed,
1333,XPAR_SHARES_F1_20231013.csv.zip,FR0014000MR3,LOB,Processed,
1334,XPAR_SHARES_F1_20231013.csv.zip,FR001400AJ45,LOB,Processed,
1335,XPAR_SHARES_F1_20231013.csv.zip,NL0000235190,LOB,Processed,
1336,XPAR_SHARES_F1_20231013.csv.zip,FR0000045072,FO,Processed,
1337,XPAR_SHARES_F1_20231013.csv.zip,FR0000051807,FO,Processed,
1338,XPAR_SHARES_F1_20231013.csv.zip,FR0000052292,FO,Processed,
1339,XPAR_SHARES_F1_20231013.csv.zip,FR0000120073,FO,Processed,
1340,XPAR_SHARES_F1_20231013.csv.zip,FR0000120172,FO,Processed,
1341,XPAR_SHARES_F1_20231013.csv.zip,FR0000120503,FO,Processed,
1342,XPAR_SHARES_F1_20231013.csv.zip,FR0000120628,FO,Processed,
1343,XPAR_SHARES_F1_20231013.csv.zip,FR0000120644,FO,Processed,
1344,XPAR_SHARES_F1_20231013.csv.zip,FR0000121014,FO,Processed,
1345,XPAR_SHARES_F1_20231013.csv.zip,FR0000121667,FO,Processed,
1346,XPAR_SHARES_F1_20231013.csv.zip,FR0000125338,FO,Processed,
1347,XPAR_SHARES_F1_20231013.csv.zip,FR0000131104,FO,Processed,
1348,XPAR_SHARES_F1_20231013.csv.zip,FR0000133308,FO,Processed,
1349,XPAR_SHARES_F1_20231013.csv.zip,FR0010208488,FO,Processed,
1350,XPAR_SHARES_F1_20231013.csv.zip,FR0010220475,FO,Processed,
1351,XPAR_SHARES_F1_20231013.csv.zip,FR0010307819,FO,Processed,
1352,XPAR_SHARES_F1_20231013.csv.zip,FR0013326246,FO,Processed,
1353,XPAR_SHARES_F1_20231013.csv.zip,FR0014000MR3,FO,Processed,
1354,XPAR_SHARES_F1_20231013.csv.zip,FR001400AJ45,FO,Processed,
1355,XPAR_SHARES_F1_20231013.csv.zip,NL0000235190,FO,Processed,
1356,XPAR_SHARES_F1_20231012.csv.zip,FR0000045072,LOB,Processed,
1357,XPAR_SHARES_F1_20231012.csv.zip,FR0000051807,LOB,Processed,
1358,XPAR_SHARES_F1_20231012.csv.zip,FR0000052292,LOB,Processed,
1359,XPAR_SHARES_F1_20231012.csv.zip,FR0000120073,LOB,Processed,
1360,XPAR_SHARES_F1_20231012.csv.zip,FR0000120172,LOB,Processed,
1361,XPAR_SHARES_F1_20231012.csv.zip,FR0000120503,LOB,Processed,
1362,XPAR_SHARES_F1_20231012.csv.zip,FR0000120628,LOB,Processed,
1363,XPAR_SHARES_F1_20231012.csv.zip,FR0000120644,LOB,Processed,
1364,XPAR_SHARES_F1_20231012.csv.zip,FR0000121014,LOB,Processed,
1365,XPAR_SHARES_F1_20231012.csv.zip,FR0000121667,LOB,Processed,
1366,XPAR_SHARES_F1_20231012.csv.zip,FR0000125338,LOB,Processed,
1367,XPAR_SHARES_F1_20231012.csv.zip,FR0000131104,LOB,Processed,
1368,XPAR_SHARES_F1_20231012.csv.zip,FR0000133308,LOB,Processed,
1369,XPAR_SHARES_F1_20231012.csv.zip,FR0010208488,LOB,Processed,
1370,XPAR_SHARES_F1_20231012.csv.zip,FR0010220475,LOB,Processed,
1371,XPAR_SHARES_F1_20231012.csv.zip,FR0010307819,LOB,Processed,
1372,XPAR_SHARES_F1_20231012.csv.zip,FR0013326246,LOB,Processed,
1373,XPAR_SHARES_F1_20231012.csv.zip,FR0014000MR3,LOB,Processed,
1374,XPAR_SHARES_F1_20231012.csv.zip,FR001400AJ45,LOB,Processed,
1375,XPAR_SHARES_F1_20231012.csv.zip,NL0000235190,LOB,Processed,
1376,XPAR_SHARES_F1_20231012.csv.zip,FR0000045072,FO,Processed,
1377,XPAR_SHARES_F1_20231012.csv.zip,FR0000051807,FO,Processed,
1378,XPAR_SHARES_F1_20231012.csv.zip,FR0000052292,FO,Processed,
1379,XPAR_SHARES_F1_20231012.csv.zip,FR0000120073,FO,Processed,
1380,XPAR_SHARES_F1_20231012.csv.zip,FR0000120172,FO,Processed,
1381,XPAR_SHARES_F1_20231012.csv.zip,FR0000120503,FO,Processed,
1382,XPAR_SHARES_F1_20231012.csv.zip,FR0000120628,FO,Processed,
1383,XPAR_SHARES_F1_20231012.csv.zip,FR0000120644,FO,Processed,
1384,XPAR_SHARES_F1_20231012.csv.zip,FR0000121014,FO,Processed,
1385,XPAR_SHARES_F1_20231012.csv.zip,FR0000121667,FO,Processed,
1386,XPAR_SHARES_F1_20231012.csv.zip,FR0000125338,FO,Processed,
1387,XPAR_SHARES_F1_20231012.csv.zip,FR0000131104,FO,Processed,
1388,XPAR_SHARES_F1_20231012.csv.zip,FR0000133308,FO,Processed,
1389,XPAR_SHARES_F1_20231012.csv.zip,FR0010208488,FO,Processed,
1390,XPAR_SHARES_F1_20231012.csv.zip,FR0010220475,FO,Processed,
1391,XPAR_SHARES_F1_20231012.csv.zip,FR0010307819,FO,Processed,
1392,XPAR_SHARES_F1_20231012.csv.zip,FR0013326246,FO,Processed,
1393,XPAR_SHARES_F1_20231012.csv.zip,FR0014000MR3,FO,Processed,
1394,XPAR_SHARES_F1_20231012.csv.zip,FR001400AJ45,FO,Processed,
1395,XPAR_SHARES_F1_20231012.csv.zip,NL0000235190,FO,Processed,
1396,XPAR_SHARES_F1_20231011.csv.zip,FR0000045072,LOB,Processed,
1397,XPAR_SHARES_F1_20231011.csv.zip,FR0000051807,LOB,Processed,
1398,XPAR_SHARES_F1_20231011.csv.zip,FR0000052292,LOB,Processed,
1399,XPAR_SHARES_F1_20231011.csv.zip,FR0000120073,LOB,Processed,
1400,XPAR_SHARES_F1_20231011.csv.zip,FR0000120172,LOB,Processed,
1401,XPAR_SHARES_F1_20231011.csv.zip,FR0000120503,LOB,Processed,
1402,XPAR_SHARES_F1_20231011.csv.zip,FR0000120628,LOB,Processed,
1403,XPAR_SHARES_F1_20231011.csv.zip,FR0000120644,LOB,Processed,
1404,XPAR_SHARES_F1_20231011.csv.zip,FR0000121014,LOB,Processed,
1405,XPAR_SHARES_F1_20231011.csv.zip,FR0000121667,LOB,Processed,
1406,XPAR_SHARES_F1_20231011.csv.zip,FR0000125338,LOB,Processed,
1407,XPAR_SHARES_F1_20231011.csv.zip,FR0000131104,LOB,Processed,
1408,XPAR_SHARES_F1_20231011.csv.zip,FR0000133308,LOB,Processed,
1409,XPAR_SHARES_F1_20231011.csv.zip,FR0010208488,LOB,Processed,
1410,XPAR_SHARES_F1_20231011.csv.zip,FR0010220475,LOB,Processed,
1411,XPAR_SHARES_F1_20231011.csv.zip,FR0010307819,LOB,Processed,
1412,XPAR_SHARES_F1_20231011.csv.zip,FR0013326246,LOB,Processed,
1413,XPAR_SHARES_F1_20231011.csv.zip,FR0014000MR3,LOB,Processed,
1414,XPAR_SHARES_F1_20231011.csv.zip,FR001400AJ45,LOB,Processed,
1415,XPAR_SHARES_F1_20231011.csv.zip,NL0000235190,LOB,Processed,
1416,XPAR_SHARES_F1_20231011.csv.zip,FR0000045072,FO,Processed,
1417,XPAR_SHARES_F1_20231011.csv.zip,FR0000051807,FO,Processed,
1418,XPAR_SHARES_F1_20231011.csv.zip,FR0000052292,FO,Processed,
1419,XPAR_SHARES_F1_20231011.csv.zip,FR0000120073,FO,Processed,
1420,XPAR_SHARES_F1_20231011.csv.zip,FR0000120172,FO,Processed,
1421,XPAR_SHARES_F1_20231011.csv.zip,FR0000120503,FO,Processed,
1422,XPAR_SHARES_F1_20231011.csv.zip,FR0000120628,FO,Processed,
1423,XPAR_SHARES_F1_20231011.csv.zip,FR0000120644,FO,Processed,
1424,XPAR_SHARES_F1_20231011.csv.zip,FR0000121014,FO,Processed,
1425,XPAR_SHARES_F1_20231011.csv.zip,FR0000121667,FO,Processed,
1426,XPAR_SHARES_F1_20231011.csv.zip,FR0000125338,FO,Processed,
1427,XPAR_SHARES_F1_20231011.csv.zip,FR0000131104,FO,Processed,
1428,XPAR_SHARES_F1_20231011.csv.zip,FR0000133308,FO,Processed,
1429,XPAR_SHARES_F1_20231011.csv.zip,FR0010208488,FO,Processed,
1430,XPAR_SHARES_F1_20231011.csv.zip,FR0010220475,FO,Processed,
1431,XPAR_SHARES_F1_20231011.csv.zip,FR0010307819,FO,Processed,
1432,XPAR_SHARES_F1_20231011.csv.zip,FR0013326246,FO,Processed,
1433,XPAR_SHARES_F1_20231011.csv.zip,FR0014000MR3,FO,Processed,
1434,XPAR_SHARES_F1_20231011.csv.zip,FR001400AJ45,FO,Processed,
1435,XPAR_SHARES_F1_20231011.csv.zip,NL0000235190,FO,Processed,
1436,XPAR_SHARES_F1_20231010.csv.zip,FR0000045072,LOB,Processed,
1437,XPAR_SHARES_F1_20231010.csv.zip,FR0000051807,LOB,Processed,
1438,XPAR_SHARES_F1_20231010.csv.zip,FR0000052292,LOB,Processed,
1439,XPAR_SHARES_F1_20231010.csv.zip,FR0000120073,LOB,Processed,
1440,XPAR_SHARES_F1_20231010.csv.zip,FR0000120172,LOB,Processed,
1441,XPAR_SHARES_F1_20231010.csv.zip,FR0000120503,LOB,Processed,
1442,XPAR_SHARES_F1_20231010.csv.zip,FR0000120628,LOB,Processed,
1443,XPAR_SHARES_F1_20231010.csv.zip,FR0000120644,LOB,Processed,
1444,XPAR_SHARES_F1_20231010.csv.zip,FR0000121014,LOB,Processed,
1445,XPAR_SHARES_F1_20231010.csv.zip,FR0000121667,LOB,Processed,
1446,XPAR_SHARES_F1_20231010.csv.zip,FR0000125338,LOB,Processed,
1447,XPAR_SHARES_F1_20231010.csv.zip,FR0000131104,LOB,Processed,
1448,XPAR_SHARES_F1_20231010.csv.zip,FR0000133308,LOB,Processed,
1449,XPAR_SHARES_F1_20231010.csv.zip,FR0010208488,LOB,Processed,
1450,XPAR_SHARES_F1_20231010.csv.zip,FR0010220475,LOB,Processed,
1451,XPAR_SHARES_F1_20231010.csv.zip,FR0010307819,LOB,Processed,
1452,XPAR_SHARES_F1_20231010.csv.zip,FR0013326246,LOB,Processed,
1453,XPAR_SHARES_F1_20231010.csv.zip,FR0014000MR3,LOB,Processed,
1454,XPAR_SHARES_F1_20231010.csv.zip,FR001400AJ45,LOB,Processed,
1455,XPAR_SHARES_F1_20231010.csv.zip,NL0000235190,LOB,Processed,
1456,XPAR_SHARES_F1_20231010.csv.zip,FR0000045072,FO,Processed,
1457,XPAR_SHARES_F1_20231010.csv.zip,FR0000051807,FO,Processed,
1458,XPAR_SHARES_F1_20231010.csv.zip,FR0000052292,FO,Processed,
1459,XPAR_SHARES_F1_20231010.csv.zip,FR0000120073,FO,Processed,
1460,XPAR_SHARES_F1_20231010.csv.zip,FR0000120172,FO,Processed,
1461,XPAR_SHARES_F1_20231010.csv.zip,FR0000120503,FO,Processed,
1462,XPAR_SHARES_F1_20231010.csv.zip,FR0000120628,FO,Processed,
1463,XPAR_SHARES_F1_20231010.csv.zip,FR0000120644,FO,Processed,
1464,XPAR_SHARES_F1_20231010.csv.zip,FR0000121014,FO,Processed,
1465,XPAR_SHARES_F1_20231010.csv.zip,FR0000121667,FO,Processed,
1466,XPAR_SHARES_F1_20231010.csv.zip,FR0000125338,FO,Processed,
1467,XPAR_SHARES_F1_20231010.csv.zip,FR0000131104,FO,Processed,
1468,XPAR_SHARES_F1_20231010.csv.zip,FR0000133308,FO,Processed,
1469,XPAR_SHARES_F1_20231010.csv.zip,FR0010208488,FO,Processed,
1470,XPAR_SHARES_F1_20231010.csv.zip,FR0010220475,FO,Processed,
1471,XPAR_SHARES_F1_20231010.csv.zip,FR0010307819,FO,Processed,
1472,XPAR_SHARES_F1_20231010.csv.zip,FR0013326246,FO,Processed,
1473,XPAR_SHARES_F1_20231010.csv.zip,FR0014000MR3,FO,Processed,
1474,XPAR_SHARES_F1_20231010.csv.zip,FR001400AJ45,FO,Processed,
1475,XPAR_SHARES_F1_20231010.csv.zip,NL0000235190,FO,Processed,
1476,XPAR_SHARES_F1_20231009.csv.zip,FR0000045072,LOB,Processed,
1477,XPAR_SHARES_F1_20231009.csv.zip,FR0000051807,LOB,Processed,
1478,XPAR_SHARES_F1_20231009.csv.zip,FR0000052292,LOB,Processed,
1479,XPAR_SHARES_F1_20231009.csv.zip,FR0000120073,LOB,Processed,
1480,XPAR_SHARES_F1_20231009.csv.zip,FR0000120172,LOB,Processed,
1481,XPAR_SHARES_F1_20231009.csv.zip,FR0000120503,LOB,Processed,
1482,XPAR_SHARES_F1_20231009.csv.zip,FR0000120628,LOB,Processed,
1483,XPAR_SHARES_F1_20231009.csv.zip,FR0000120644,LOB,Processed,
1484,XPAR_SHARES_F1_20231009.csv.zip,FR0000121014,LOB,Processed,
1485,XPAR_SHARES_F1_20231009.csv.zip,FR0000121667,LOB,Processed,
1486,XPAR_SHARES_F1_20231009.csv.zip,FR0000125338,LOB,Processed,
1487,XPAR_SHARES_F1_20231009.csv.zip,FR0000131104,LOB,Processed,
1488,XPAR_SHARES_F1_20231009.csv.zip,FR0000133308,LOB,Processed,
1489,XPAR_SHARES_F1_20231009.csv.zip,FR0010208488,LOB,Processed,
1490,XPAR_SHARES_F1_20231009.csv.zip,FR0010220475,LOB,Processed,
1491,XPAR_SHARES_F1_20231009.csv.zip,FR0010307819,LOB,Processed,
1492,XPAR_SHARES_F1_20231009.csv.zip,FR0013326246,LOB,Processed,
1493,XPAR_SHARES_F1_20231009.csv.zip,FR0014000MR3,LOB,Processed,
1494,XPAR_SHARES_F1_20231009.csv.zip,FR001400AJ45,LOB,Processed,
1495,XPAR_SHARES_F1_20231009.csv.zip,NL0000235190,LOB,Processed,
1496,XPAR_SHARES_F1_20231009.csv.zip,FR0000045072,FO,Processed,
1497,XPAR_SHARES_F1_20231009.csv.zip,FR0000051807,FO,Processed,
1498,XPAR_SHARES_F1_20231009.csv.zip,FR0000052292,FO,Processed,
1499,XPAR_SHARES_F1_20231009.csv.zip,FR0000120073,FO,Processed,
1500,XPAR_SHARES_F1_20231009.csv.zip,FR0000120172,FO,Processed,
1501,XPAR_SHARES_F1_20231009.csv.zip,FR0000120503,FO,Processed,
1502,XPAR_SHARES_F1_20231009.csv.zip,FR0000120628,FO,Processed,
1503,XPAR_SHARES_F1_20231009.csv.zip,FR0000120644,FO,Processed,
1504,XPAR_SHARES_F1_20231009.csv.zip,FR0000121014,FO,Processed,
1505,XPAR_SHARES_F1_20231009.csv.zip,FR0000121667,FO,Processed,
1506,XPAR_SHARES_F1_20231009.csv.zip,FR0000125338,FO,Processed,
1507,XPAR_SHARES_F1_20231009.csv.zip,FR0000131104,FO,Processed,
1508,XPAR_SHARES_F1_20231009.csv.zip,FR0000133308,FO,Processed,
1509,XPAR_SHARES_F1_20231009.csv.zip,FR0010208488,FO,Processed,
1510,XPAR_SHARES_F1_20231009.csv.zip,FR0010220475,FO,Processed,
1511,XPAR_SHARES_F1_20231009.csv.zip,FR0010307819,FO,Processed,
1512,XPAR_SHARES_F1_20231009.csv.zip,FR0013326246,FO,Processed,
1513,XPAR_SHARES_F1_20231009.csv.zip,FR0014000MR3,FO,Processed,
1514,XPAR_SHARES_F1_20231009.csv.zip,FR001400AJ45,FO,Processed,
1515,XPAR_SHARES_F1_20231009.csv.zip,NL0000235190,FO,Processed,
1516,XPAR_SHARES_F1_20231006.csv.zip,FR0000045072,LOB,Processed,
1517,XPAR_SHARES_F1_20231006.csv.zip,FR0000051807,LOB,Processed,
1518,XPAR_SHARES_F1_20231006.csv.zip,FR0000052292,LOB,Processed,
1519,XPAR_SHARES_F1_20231006.csv.zip,FR0000120073,LOB,Processed,
1520,XPAR_SHARES_F1_20231006.csv.zip,FR0000120172,LOB,Processed,
1521,XPAR_SHARES_F1_20231006.csv.zip,FR0000120503,LOB,Processed,
1522,XPAR_SHARES_F1_20231006.csv.zip,FR0000120628,LOB,Processed,
1523,XPAR_SHARES_F1_20231006.csv.zip,FR0000120644,LOB,Processed,
1524,XPAR_SHARES_F1_20231006.csv.zip,FR0000121014,LOB,Processed,
1525,XPAR_SHARES_F1_20231006.csv.zip,FR0000121667,LOB,Processed,
1526,XPAR_SHARES_F1_20231006.csv.zip,FR0000125338,LOB,Processed,
1527,XPAR_SHARES_F1_20231006.csv.zip,FR0000131104,LOB,Processed,
1528,XPAR_SHARES_F1_20231006.csv.zip,FR0000133308,LOB,Processed,
1529,XPAR_SHARES_F1_20231006.csv.zip,FR0010208488,LOB,Processed,
1530,XPAR_SHARES_F1_20231006.csv.zip,FR0010220475,LOB,Processed,
1531,XPAR_SHARES_F1_20231006.csv.zip,FR0010307819,LOB,Processed,
1532,XPAR_SHARES_F1_20231006.csv.zip,FR0013326246,LOB,Processed,
1533,XPAR_SHARES_F1_20231006.csv.zip,FR0014000MR3,LOB,Processed,
1534,XPAR_SHARES_F1_20231006.csv.zip,FR001400AJ45,LOB,Processed,
1535,XPAR_SHARES_F1_20231006.csv.zip,NL0000235190,LOB,Processed,
1536,XPAR_SHARES_F1_20231006.csv.zip,FR0000045072,FO,Processed,
1537,XPAR_SHARES_F1_20231006.csv.zip,FR0000051807,FO,Processed,
1538,XPAR_SHARES_F1_20231006.csv.zip,FR0000052292,FO,Processed,
1539,XPAR_SHARES_F1_20231006.csv.zip,FR0000120073,FO,Processed,
1540,XPAR_SHARES_F1_20231006.csv.zip,FR0000120172,FO,Processed,
1541,XPAR_SHARES_F1_20231006.csv.zip,FR0000120503,FO,Processed,
1542,XPAR_SHARES_F1_20231006.csv.zip,FR0000120628,FO,Processed,
1543,XPAR_SHARES_F1_20231006.csv.zip,FR0000120644,FO,Processed,
1544,XPAR_SHARES_F1_20231006.csv.zip,FR0000121014,FO,Processed,
1545,XPAR_SHARES_F1_20231006.csv.zip,FR0000121667,FO,Processed,
1546,XPAR_SHARES_F1_20231006.csv.zip,FR0000125338,FO,Processed,
1547,XPAR_SHARES_F1_20231006.csv.zip,FR0000131104,FO,Processed,
1548,XPAR_SHARES_F1_20231006.csv.zip,FR0000133308,FO,Processed,
1549,XPAR_SHARES_F1_20231006.csv.zip,FR0010208488,FO,Processed,
1550,XPAR_SHARES_F1_20231006.csv.zip,FR0010220475,FO,Processed,
1551,XPAR_SHARES_F1_20231006.csv.zip,FR0010307819,FO,Processed,
1552,XPAR_SHARES_F1_20231006.csv.zip,FR0013326246,FO,Processed,
1553,XPAR_SHARES_F1_20231006.csv.zip,FR0014000MR3,FO,Processed,
1554,XPAR_SHARES_F1_20231006.csv.zip,FR001400AJ45,FO,Processed,
1555,XPAR_SHARES_F1_20231006.csv.zip,NL0000235190,FO,Processed,
1556,XPAR_SHARES_F1_20231005.csv.zip,FR0000045072,LOB,Processed,
1557,XPAR_SHARES_F1_20231005.csv.zip,FR0000051807,LOB,Processed,
1558,XPAR_SHARES_F1_20231005.csv.zip,FR0000052292,LOB,Processed,
1559,XPAR_SHARES_F1_20231005.csv.zip,FR0000120073,LOB,Processed,
1560,XPAR_SHARES_F1_20231005.csv.zip,FR0000120172,LOB,Processed,
1561,XPAR_SHARES_F1_20231005.csv.zip,FR0000120503,LOB,Processed,
1562,XPAR_SHARES_F1_20231005.csv.zip,FR0000120628,LOB,Processed,
1563,XPAR_SHARES_F1_20231005.csv.zip,FR0000120644,LOB,Processed,
1564,XPAR_SHARES_F1_20231005.csv.zip,FR0000121014,LOB,Processed,
1565,XPAR_SHARES_F1_20231005.csv.zip,FR0000121667,LOB,Processed,
1566,XPAR_SHARES_F1_20231005.csv.zip,FR0000125338,LOB,Processed,
1567,XPAR_SHARES_F1_20231005.csv.zip,FR0000131104,LOB,Processed,
1568,XPAR_SHARES_F1_20231005.csv.zip,FR0000133308,LOB,Processed,
1569,XPAR_SHARES_F1_20231005.csv.zip,FR0010208488,LOB,Processed,
1570,XPAR_SHARES_F1_20231005.csv.zip,FR0010220475,LOB,Processed,
1571,XPAR_SHARES_F1_20231005.csv.zip,FR0010307819,LOB,Processed,
1572,XPAR_SHARES_F1_20231005.csv.zip,FR0013326246,LOB,Processed,
1573,XPAR_SHARES_F1_20231005.csv.zip,FR0014000MR3,LOB,Processed,
1574,XPAR_SHARES_F1_20231005.csv.zip,FR001400AJ45,LOB,Processed,
1575,XPAR_SHARES_F1_20231005.csv.zip,NL0000235190,LOB,Processed,
1576,XPAR_SHARES_F1_20231005.csv.zip,FR0000045072,FO,Processed,
1577,XPAR_SHARES_F1_20231005.csv.zip,FR0000051807,FO,Processed,
1578,XPAR_SHARES_F1_20231005.csv.zip,FR0000052292,FO,Processed,
1579,XPAR_SHARES_F1_20231005.csv.zip,FR0000120073,FO,Processed,
1580,XPAR_SHARES_F1_20231005.csv.zip,FR0000120172,FO,Processed,
1581,XPAR_SHARES_F1_20231005.csv.zip,FR0000120503,FO,Processed,
1582,XPAR_SHARES_F1_20231005.csv.zip,FR0000120628,FO,Processed,
1583,XPAR_SHARES_F1_20231005.csv.zip,FR0000120644,FO,Processed,
1584,XPAR_SHARES_F1_20231005.csv.zip,FR0000121014,FO,Processed,
1585,XPAR_SHARES_F1_20231005.csv.zip,FR0000121667,FO,Processed,
1586,XPAR_SHARES_F1_20231005.csv.zip,FR0000125338,FO,Processed,
1587,XPAR_SHARES_F1_20231005.csv.zip,FR0000131104,FO,Processed,
1588,XPAR_SHARES_F1_20231005.csv.zip,FR0000133308,FO,Processed,
1589,XPAR_SHARES_F1_20231005.csv.zip,FR0010208488,FO,Processed,
1590,XPAR_SHARES_F1_20231005.csv.zip,FR0010220475,FO,Processed,
1591,XPAR_SHARES_F1_20231005.csv.zip,FR0010307819,FO,Processed,
1592,XPAR_SHARES_F1_20231005.csv.zip,FR0013326246,FO,Processed,
1593,XPAR_SHARES_F1_20231005.csv.zip,FR0014000MR3,FO,Processed,
1594,XPAR_SHARES_F1_20231005.csv.zip,FR001400AJ45,FO,Processed,
1595,XPAR_SHARES_F1_20231005.csv.zip,NL0000235190,FO,Processed,
1596,XPAR_SHARES_F1_20231004.csv.zip,FR0000045072,LOB,Processed,
1597,XPAR_SHARES_F1_20231004.csv.zip,FR0000051807,LOB,Processed,
1598,XPAR_SHARES_F1_20231004.csv.zip,FR0000052292,LOB,Processed,
1599,XPAR_SHARES_F1_20231004.csv.zip,FR0000120073,LOB,Processed,
1600,XPAR_SHARES_F1_20231004.csv.zip,FR0000120172,LOB,Processed,
1601,XPAR_SHARES_F1_20231004.csv.zip,FR0000120503,LOB,Processed,
1602,XPAR_SHARES_F1_20231004.csv.zip,FR0000120628,LOB,Processed,
1603,XPAR_SHARES_F1_20231004.csv.zip,FR0000120644,LOB,Processed,
1604,XPAR_SHARES_F1_20231004.csv.zip,FR0000121014,LOB,Processed,
1605,XPAR_SHARES_F1_20231004.csv.zip,FR0000121667,LOB,Processed,
1606,XPAR_SHARES_F1_20231004.csv.zip,FR0000125338,LOB,Processed,
1607,XPAR_SHARES_F1_20231004.csv.zip,FR0000131104,LOB,Processed,
1608,XPAR_SHARES_F1_20231004.csv.zip,FR0000133308,LOB,Processed,
1609,XPAR_SHARES_F1_20231004.csv.zip,FR0010208488,LOB,Processed,
1610,XPAR_SHARES_F1_20231004.csv.zip,FR0010220475,LOB,Processed,
1611,XPAR_SHARES_F1_20231004.csv.zip,FR0010307819,LOB,Processed,
1612,XPAR_SHARES_F1_20231004.csv.zip,FR0013326246,LOB,Processed,
1613,XPAR_SHARES_F1_20231004.csv.zip,FR0014000MR3,LOB,Processed,
1614,XPAR_SHARES_F1_20231004.csv.zip,FR001400AJ45,LOB,Processed,
1615,XPAR_SHARES_F1_20231004.csv.zip,NL0000235190,LOB,Processed,
1616,XPAR_SHARES_F1_20231004.csv.zip,FR0000045072,FO,Processed,
1617,XPAR_SHARES_F1_20231004.csv.zip,FR0000051807,FO,Processed,
1618,XPAR_SHARES_F1_20231004.csv.zip,FR0000052292,FO,Processed,
1619,XPAR_SHARES_F1_20231004.csv.zip,FR0000120073,FO,Processed,
1620,XPAR_SHARES_F1_20231004.csv.zip,FR0000120172,FO,Processed,
1621,XPAR_SHARES_F1_20231004.csv.zip,FR0000120503,FO,Processed,
1622,XPAR_SHARES_F1_20231004.csv.zip,FR0000120628,FO,Processed,
1623,XPAR_SHARES_F1_20231004.csv.zip,FR0000120644,FO,Processed,
1624,XPAR_SHARES_F1_20231004.csv.zip,FR0000121014,FO,Processed,
1625,XPAR_SHARES_F1_20231004.csv.zip,FR0000121667,FO,Processed,
1626,XPAR_SHARES_F1_20231004.csv.zip,FR0000125338,FO,Processed,
1627,XPAR_SHARES_F1_20231004.csv.zip,FR0000131104,FO,Processed,
1628,XPAR_SHARES_F1_20231004.csv.zip,FR0000133308,FO,Processed,
1629,XPAR_SHARES_F1_20231004.csv.zip,FR0010208488,FO,Processed,
1630,XPAR_SHARES_F1_20231004.csv.zip,FR0010220475,FO,Processed,
1631,XPAR_SHARES_F1_20231004.csv.zip,FR0010307819,FO,Processed,
1632,XPAR_SHARES_F1_20231004.csv.zip,FR0013326246,FO,Processed,
1633,XPAR_SHARES_F1_20231004.csv.zip,FR0014000MR3,FO,Processed,
1634,XPAR_SHARES_F1_20231004.csv.zip,FR001400AJ45,FO,Processed,
1635,XPAR_SHARES_F1_20231004.csv.zip,NL0000235190,FO,Processed,
1636,XPAR_SHARES_F1_20231003.csv.zip,FR0000045072,LOB,Processed,
1637,XPAR_SHARES_F1_20231003.csv.zip,FR0000051807,LOB,Processed,
1638,XPAR_SHARES_F1_20231003.csv.zip,FR0000052292,LOB,Processed,
1639,XPAR_SHARES_F1_20231003.csv.zip,FR0000120073,LOB,Processed,
1640,XPAR_SHARES_F1_20231003.csv.zip,FR0000120172,LOB,Processed,
1641,XPAR_SHARES_F1_20231003.csv.zip,FR0000120503,LOB,Processed,
1642,XPAR_SHARES_F1_20231003.csv.zip,FR0000120628,LOB,Processed,
1643,XPAR_SHARES_F1_20231003.csv.zip,FR0000120644,LOB,Processed,
1644,XPAR_SHARES_F1_20231003.csv.zip,FR0000121014,LOB,Processed,
1645,XPAR_SHARES_F1_20231003.csv.zip,FR0000121667,LOB,Processed,
1646,XPAR_SHARES_F1_20231003.csv.zip,FR0000125338,LOB,Processed,
1647,XPAR_SHARES_F1_20231003.csv.zip,FR0000131104,LOB,Processed,
1648,XPAR_SHARES_F1_20231003.csv.zip,FR0000133308,LOB,Processed,
1649,XPAR_SHARES_F1_20231003.csv.zip,FR0010208488,LOB,Processed,
1650,XPAR_SHARES_F1_20231003.csv.zip,FR0010220475,LOB,Processed,
1651,XPAR_SHARES_F1_20231003.csv.zip,FR0010307819,LOB,Processed,
1652,XPAR_SHARES_F1_20231003.csv.zip,FR0013326246,LOB,Processed,
1653,XPAR_SHARES_F1_20231003.csv.zip,FR0014000MR3,LOB,Processed,
1654,XPAR_SHARES_F1_20231003.csv.zip,FR001400AJ45,LOB,Processed,
1655,XPAR_SHARES_F1_20231003.csv.zip,NL0000235190,LOB,Processed,
1656,XPAR_SHARES_F1_20231003.csv.zip,FR0000045072,FO,Processed,
1657,XPAR_SHARES_F1_20231003.csv.zip,FR0000051807,FO,Processed,
1658,XPAR_SHARES_F1_20231003.csv.zip,FR0000052292,FO,Processed,
1659,XPAR_SHARES_F1_20231003.csv.zip,FR0000120073,FO,Processed,
1660,XPAR_SHARES_F1_20231003.csv.zip,FR0000120172,FO,Processed,
1661,XPAR_SHARES_F1_20231003.csv.zip,FR0000120503,FO,Processed,
1662,XPAR_SHARES_F1_20231003.csv.zip,FR0000120628,FO,Processed,
1663,XPAR_SHARES_F1_20231003.csv.zip,FR0000120644,FO,Processed,
1664,XPAR_SHARES_F1_20231003.csv.zip,FR0000121014,FO,Processed,
1665,XPAR_SHARES_F1_20231003.csv.zip,FR0000121667,FO,Processed,
1666,XPAR_SHARES_F1_20231003.csv.zip,FR0000125338,FO,Processed,
1667,XPAR_SHARES_F1_20231003.csv.zip,FR0000131104,FO,Processed,
1668,XPAR_SHARES_F1_20231003.csv.zip,FR0000133308,FO,Processed,
1669,XPAR_SHARES_F1_20231003.csv.zip,FR0010208488,FO,Processed,
1670,XPAR_SHARES_F1_20231003.csv.zip,FR0010220475,FO,Processed,
1671,XPAR_SHARES_F1_20231003.csv.zip,FR0010307819,FO,Processed,
1672,XPAR_SHARES_F1_20231003.csv.zip,FR0013326246,FO,Processed,
1673,XPAR_SHARES_F1_20231003.csv.zip,FR0014000MR3,FO,Processed,
1674,XPAR_SHARES_F1_20231003.csv.zip,FR001400AJ45,FO,Processed,
1675,XPAR_SHARES_F1_20231003.csv.zip,NL0000235190,FO,Processed,
1676,XPAR_SHARES_F1_20231002.csv.zip,FR0000045072,LOB,Processed,
1677,XPAR_SHARES_F1_20231002.csv.zip,FR0000051807,LOB,Processed,
1678,XPAR_SHARES_F1_20231002.csv.zip,FR0000052292,LOB,Processed,
1679,XPAR_SHARES_F1_20231002.csv.zip,FR0000120073,LOB,Processed,
1680,XPAR_SHARES_F1_20231002.csv.zip,FR0000120172,LOB,Processed,
1681,XPAR_SHARES_F1_20231002.csv.zip,FR0000120503,LOB,Processed,
1682,XPAR_SHARES_F1_20231002.csv.zip,FR0000120628,LOB,Processed,
1683,XPAR_SHARES_F1_20231002.csv.zip,FR0000120644,LOB,Processed,
1684,XPAR_SHARES_F1_20231002.csv.zip,FR0000121014,LOB,Processed,
1685,XPAR_SHARES_F1_20231002.csv.zip,FR0000121667,LOB,Processed,
1686,XPAR_SHARES_F1_20231002.csv.zip,FR0000125338,LOB,Processed,
1687,XPAR_SHARES_F1_20231002.csv.zip,FR0000131104,LOB,Processed,
1688,XPAR_SHARES_F1_20231002.csv.zip,FR0000133308,LOB,Processed,
1689,XPAR_SHARES_F1_20231002.csv.zip,FR0010208488,LOB,Processed,
1690,XPAR_SHARES_F1_20231002.csv.zip,FR0010220475,LOB,Processed,
1691,XPAR_SHARES_F1_20231002.csv.zip,FR0010307819,LOB,Processed,
1692,XPAR_SHARES_F1_20231002.csv.zip,FR0013326246,LOB,Processed,
1693,XPAR_SHARES_F1_20231002.csv.zip,FR0014000MR3,LOB,Processed,
1694,XPAR_SHARES_F1_20231002.csv.zip,FR001400AJ45,LOB,Processed,
1695,XPAR_SHARES_F1_20231002.csv.zip,NL0000235190,LOB,Processed,
1696,XPAR_SHARES_F1_20231002.csv.zip,FR0000045072,FO,Processed,
1697,XPAR_SHARES_F1_20231002.csv.zip,FR0000051807,FO,Processed,
1698,XPAR_SHARES_F1_20231002.csv.zip,FR0000052292,FO,Processed,
1699,XPAR_SHARES_F1_20231002.csv.zip,FR0000120073,FO,Processed,
1700,XPAR_SHARES_F1_20231002.csv.zip,FR0000120172,FO,Processed,
1701,XPAR_SHARES_F1_20231002.csv.zip,FR0000120503,FO,Processed,
1702,XPAR_SHARES_F1_20231002.csv.zip,FR0000120628,FO,Processed,
1703,XPAR_SHARES_F1_20231002.csv.zip,FR0000120644,FO,Processed,
1704,XPAR_SHARES_F1_20231002.csv.zip,FR0000121014,FO,Processed,
1705,XPAR_SHARES_F1_20231002.csv.zip,FR0000121667,FO,Processed,
1706,XPAR_SHARES_F1_20231002.csv.zip,FR0000125338,FO,Processed,
1707,XPAR_SHARES_F1_20231002.csv.zip,FR0000131104,FO,Processed,
1708,XPAR_SHARES_F1_20231002.csv.zip,FR0000133308,FO,Processed,
1709,XPAR_SHARES_F1_20231002.csv.zip,FR0010208488,FO,Processed,
1710,XPAR_SHARES_F1_20231002.csv.zip,FR0010220475,FO,Processed,
1711,XPAR_SHARES_F1_20231002.csv.zip,FR0010307819,FO,Processed,
1712,XPAR_SHARES_F1_20231002.csv.zip,FR0013326246,FO,Processed,
1713,XPAR_SHARES_F1_20231002.csv.zip,FR0014000MR3,FO,Processed,
1714,XPAR_SHARES_F1_20231002.csv.zip,FR001400AJ45,FO,Processed,
1715,XPAR_SHARES_F1_20231002.csv.zip,NL0000235190,FO,Processed,
